symbol	clinvar_plp_variant_count	clinvar_plp_allele_count	clinvar_plp_condition_count	clinvar_plp_rcv_count	clinvar_review_statuses	clinvar_plp_condition_examples	clinvar_assembly	clinvar_source_url	clinvar_access_date
ALG1	113	113	9	154	criteria provided, multiple submitters, no conflicts; criteria provided, single submitter; no assertion criteria provided	ALG1-congenital disorder of glycosylation; ALG1-related disorder; ALG12-congenital disorder of glycosylation; Acute myeloid leukemia; Congenital disorder of glycosylation	GRCh38	https://ftp.ncbi.nlm.nih.gov/pub/clinvar/tab_delimited/variant_summary.txt.gz	2026-06-03
ALG10	2	2	2	2	criteria provided, single submitter	ALG9 congenital disorder of glycosylation; Developmental and epileptic encephalopathy, 36	GRCh38	https://ftp.ncbi.nlm.nih.gov/pub/clinvar/tab_delimited/variant_summary.txt.gz	2026-06-03
ALG10B	0	0	0	0			GRCh38	https://ftp.ncbi.nlm.nih.gov/pub/clinvar/tab_delimited/variant_summary.txt.gz	2026-06-03
ALG11	16	16	2	21	criteria provided, multiple submitters, no conflicts; criteria provided, single submitter; no assertion criteria provided	ALG11-congenital disorder of glycosylation; ALG11-related disorder	GRCh38	https://ftp.ncbi.nlm.nih.gov/pub/clinvar/tab_delimited/variant_summary.txt.gz	2026-06-03
ALG12	42	42	3	52	criteria provided, multiple submitters, no conflicts; criteria provided, single submitter; no assertion criteria provided	ALG12-congenital disorder of glycosylation; ALG12-related disorder; Inborn genetic diseases	GRCh38	https://ftp.ncbi.nlm.nih.gov/pub/clinvar/tab_delimited/variant_summary.txt.gz	2026-06-03
ALG13	11	11	11	21	criteria provided, multiple submitters, no conflicts; criteria provided, single submitter; no assertion criteria provided	ALG13-related disorder; Congenital disorder of glycosylation; Developmental and epileptic encephalopathy; Developmental and epileptic encephalopathy, 36; Inborn genetic diseases	GRCh38	https://ftp.ncbi.nlm.nih.gov/pub/clinvar/tab_delimited/variant_summary.txt.gz	2026-06-03
ALG14	1	1	1	1	no assertion criteria provided	Congenital myasthenic syndrome 15	GRCh38	https://ftp.ncbi.nlm.nih.gov/pub/clinvar/tab_delimited/variant_summary.txt.gz	2026-06-03
ALG2	11	11	3	14	criteria provided, multiple submitters, no conflicts; criteria provided, single submitter; no assertion criteria provided	ALG2-congenital disorder of glycosylation; ALG2-congenital disorder of glycosylation;Congenital myasthenic syndrome 14; Congenital myasthenic syndrome 14	GRCh38	https://ftp.ncbi.nlm.nih.gov/pub/clinvar/tab_delimited/variant_summary.txt.gz	2026-06-03
ALG3	38	38	3	44	criteria provided, multiple submitters, no conflicts; criteria provided, single submitter; no assertion criteria provided	ALG3-congenital disorder of glycosylation; Congenital disorder of glycosylation; Inborn genetic diseases	GRCh38	https://ftp.ncbi.nlm.nih.gov/pub/clinvar/tab_delimited/variant_summary.txt.gz	2026-06-03
ALG5	8	8	2	9	criteria provided, single submitter; no assertion criteria provided	Gastric cancer; Polycystic kidney disease 7	GRCh38	https://ftp.ncbi.nlm.nih.gov/pub/clinvar/tab_delimited/variant_summary.txt.gz	2026-06-03
ALG6	115	115	8	132	criteria provided, multiple submitters, no conflicts; criteria provided, single submitter; no assertion criteria provided	ALG6-congenital disorder of glycosylation 1C; ALG6-related disorder; Acute myeloid leukemia; Clear cell carcinoma of kidney; Colorectal cancer	GRCh38	https://ftp.ncbi.nlm.nih.gov/pub/clinvar/tab_delimited/variant_summary.txt.gz	2026-06-03
ALG8	63	63	10	108	criteria provided, multiple submitters, no conflicts; criteria provided, single submitter; no assertion criteria provided	ALG8 congenital disorder of glycosylation; ALG8 congenital disorder of glycosylation;Polycystic liver disease 3 with or without kidney cysts; ALG8-related disorder; Autosomal dominant polycystic liver disease; Cystic renal disease	GRCh38	https://ftp.ncbi.nlm.nih.gov/pub/clinvar/tab_delimited/variant_summary.txt.gz	2026-06-03
ALG9	35	35	9	47	criteria provided, multiple submitters, no conflicts; criteria provided, single submitter; no assertion criteria provided	ALG9 congenital disorder of glycosylation; ALG9 congenital disorder of glycosylation;Gillessen-Kaesbach-Nishimura syndrome; ALG9-associated autosomal dominant polycystic kidney disease; ALG9-related disorder; Autosomal dominant polycystic kidney disease	GRCh38	https://ftp.ncbi.nlm.nih.gov/pub/clinvar/tab_delimited/variant_summary.txt.gz	2026-06-03
B4GALNT2	0	0	0	0			GRCh38	https://ftp.ncbi.nlm.nih.gov/pub/clinvar/tab_delimited/variant_summary.txt.gz	2026-06-03
B4GALT1	3	3	2	3	no assertion criteria provided	B4GALT1-congenital disorder of glycosylation; Combined low LDL and fibrinogen	GRCh38	https://ftp.ncbi.nlm.nih.gov/pub/clinvar/tab_delimited/variant_summary.txt.gz	2026-06-03
B4GALT2	0	0	0	0			GRCh38	https://ftp.ncbi.nlm.nih.gov/pub/clinvar/tab_delimited/variant_summary.txt.gz	2026-06-03
B4GALT3	1	1	1	1	criteria provided, single submitter	Variegate porphyria	GRCh38	https://ftp.ncbi.nlm.nih.gov/pub/clinvar/tab_delimited/variant_summary.txt.gz	2026-06-03
B4GALT4	0	0	0	0			GRCh38	https://ftp.ncbi.nlm.nih.gov/pub/clinvar/tab_delimited/variant_summary.txt.gz	2026-06-03
B4GALT5	0	0	0	0			GRCh38	https://ftp.ncbi.nlm.nih.gov/pub/clinvar/tab_delimited/variant_summary.txt.gz	2026-06-03
B4GALT6	0	0	0	0			GRCh38	https://ftp.ncbi.nlm.nih.gov/pub/clinvar/tab_delimited/variant_summary.txt.gz	2026-06-03
CALR	0	0	0	0			GRCh38	https://ftp.ncbi.nlm.nih.gov/pub/clinvar/tab_delimited/variant_summary.txt.gz	2026-06-03
CANX	0	0	0	0			GRCh38	https://ftp.ncbi.nlm.nih.gov/pub/clinvar/tab_delimited/variant_summary.txt.gz	2026-06-03
CHST10	0	0	0	0			GRCh38	https://ftp.ncbi.nlm.nih.gov/pub/clinvar/tab_delimited/variant_summary.txt.gz	2026-06-03
CHST8	0	0	0	0			GRCh38	https://ftp.ncbi.nlm.nih.gov/pub/clinvar/tab_delimited/variant_summary.txt.gz	2026-06-03
CMAS	0	0	0	0			GRCh38	https://ftp.ncbi.nlm.nih.gov/pub/clinvar/tab_delimited/variant_summary.txt.gz	2026-06-03
DAD1	0	0	0	0			GRCh38	https://ftp.ncbi.nlm.nih.gov/pub/clinvar/tab_delimited/variant_summary.txt.gz	2026-06-03
DDOST	3	3	1	5	criteria provided, multiple submitters, no conflicts; criteria provided, single submitter	Congenital disorder of glycosylation type Ir	GRCh38	https://ftp.ncbi.nlm.nih.gov/pub/clinvar/tab_delimited/variant_summary.txt.gz	2026-06-03
DHDDS	39	39	8	60	criteria provided, multiple submitters, no conflicts; criteria provided, single submitter; no assertion criteria provided	Congenital disorder of glycosylation, type Ibb; DHDDS-related disorder; Developmental delay and seizures with or without movement abnormalities; Inborn genetic diseases; Retinal dystrophy	GRCh38	https://ftp.ncbi.nlm.nih.gov/pub/clinvar/tab_delimited/variant_summary.txt.gz	2026-06-03
DOLK	14	14	2	16	criteria provided, multiple submitters, no conflicts; criteria provided, single submitter; no assertion criteria provided	Cardiovascular phenotype; DK1-congenital disorder of glycosylation	GRCh38	https://ftp.ncbi.nlm.nih.gov/pub/clinvar/tab_delimited/variant_summary.txt.gz	2026-06-03
DOLPP1	0	0	0	0			GRCh38	https://ftp.ncbi.nlm.nih.gov/pub/clinvar/tab_delimited/variant_summary.txt.gz	2026-06-03
DPAGT1	38	38	9	56	criteria provided, multiple submitters, no conflicts; criteria provided, single submitter; no assertion criteria provided	Abnormality of metabolism/homeostasis; Congenital disorder of glycosylation; Congenital myasthenic syndrome 13; Congenital myasthenic syndrome 13;DPAGT1-congenital disorder of glycosylation; DPAGT1-congenital disorder of glycosylation	GRCh38	https://ftp.ncbi.nlm.nih.gov/pub/clinvar/tab_delimited/variant_summary.txt.gz	2026-06-03
DPM1	25	25	4	32	criteria provided, multiple submitters, no conflicts; criteria provided, single submitter; no assertion criteria provided	Congenital disorder of glycosylation type 1E; DPM1-related disorder; Inborn genetic diseases; Malignant tumor of urinary bladder	GRCh38	https://ftp.ncbi.nlm.nih.gov/pub/clinvar/tab_delimited/variant_summary.txt.gz	2026-06-03
DPM2	9	9	1	9	criteria provided, multiple submitters, no conflicts; criteria provided, single submitter; no assertion criteria provided	Congenital muscular dystrophy with intellectual disability and severe epilepsy	GRCh38	https://ftp.ncbi.nlm.nih.gov/pub/clinvar/tab_delimited/variant_summary.txt.gz	2026-06-03
DPM3	12	12	2	14	criteria provided, single submitter; no assertion criteria provided	DPM3-congenital disorder of glycosylation; Muscular dystrophy-dystroglycanopathy (congenital with impaired intellectual development), type B, 15	GRCh38	https://ftp.ncbi.nlm.nih.gov/pub/clinvar/tab_delimited/variant_summary.txt.gz	2026-06-03
EDEM1	0	0	0	0			GRCh38	https://ftp.ncbi.nlm.nih.gov/pub/clinvar/tab_delimited/variant_summary.txt.gz	2026-06-03
EDEM2	0	0	0	0			GRCh38	https://ftp.ncbi.nlm.nih.gov/pub/clinvar/tab_delimited/variant_summary.txt.gz	2026-06-03
EDEM3	16	16	2	16	criteria provided, single submitter; no assertion criteria provided	Congenital disorder of glycosylation, type 2v; Short stature	GRCh38	https://ftp.ncbi.nlm.nih.gov/pub/clinvar/tab_delimited/variant_summary.txt.gz	2026-06-03
ENGASE	0	0	0	0			GRCh38	https://ftp.ncbi.nlm.nih.gov/pub/clinvar/tab_delimited/variant_summary.txt.gz	2026-06-03
FCSK	7	7	1	7	criteria provided, multiple submitters, no conflicts; criteria provided, single submitter	Congenital disorder of glycosylation with defective fucosylation 2	GRCh38	https://ftp.ncbi.nlm.nih.gov/pub/clinvar/tab_delimited/variant_summary.txt.gz	2026-06-03
FPGT	0	0	0	0			GRCh38	https://ftp.ncbi.nlm.nih.gov/pub/clinvar/tab_delimited/variant_summary.txt.gz	2026-06-03
FUT3	0	0	0	0			GRCh38	https://ftp.ncbi.nlm.nih.gov/pub/clinvar/tab_delimited/variant_summary.txt.gz	2026-06-03
FUT8	7	7	4	10	criteria provided, multiple submitters, no conflicts; criteria provided, single submitter; no assertion criteria provided	Congenital disorder of glycosylation with defective fucosylation 1; FUT8-related disorder; Inborn genetic diseases; Malignant tumor of urinary bladder	GRCh38	https://ftp.ncbi.nlm.nih.gov/pub/clinvar/tab_delimited/variant_summary.txt.gz	2026-06-03
GANAB	56	56	7	75	criteria provided, multiple submitters, no conflicts; criteria provided, single submitter; no assertion criteria provided	Autosomal dominant polycystic kidney disease; Autosomal dominant polycystic liver disease; Biliary tract abnormality; GANAB-related disorder; POLYCYSTIC KIDNEY DISEASE 3 WITH POLYCYSTIC LIVER DISEASE	GRCh38	https://ftp.ncbi.nlm.nih.gov/pub/clinvar/tab_delimited/variant_summary.txt.gz	2026-06-03
GFPT1	45	45	8	59	criteria provided, multiple submitters, no conflicts; criteria provided, single submitter; no assertion criteria provided	Abnormality of the musculature; Congenital myasthenic syndrome; Congenital myasthenic syndrome 12; Congenital myasthenic syndrome 4C; Congenital myasthenic syndrome 4C;Congenital myasthenic syndrome 12	GRCh38	https://ftp.ncbi.nlm.nih.gov/pub/clinvar/tab_delimited/variant_summary.txt.gz	2026-06-03
GFPT2	0	0	0	0			GRCh38	https://ftp.ncbi.nlm.nih.gov/pub/clinvar/tab_delimited/variant_summary.txt.gz	2026-06-03
GMDS	1	1	1	1	criteria provided, single submitter	See cases	GRCh38	https://ftp.ncbi.nlm.nih.gov/pub/clinvar/tab_delimited/variant_summary.txt.gz	2026-06-03
GMPPA	16	16	4	22	criteria provided, multiple submitters, no conflicts; criteria provided, single submitter; no assertion criteria provided	Alacrima, achalasia, and intellectual disability syndrome; Chromosomal instability with tissue-specific radiosensitivity; GMPPA-related disorder; Inborn genetic diseases	GRCh38	https://ftp.ncbi.nlm.nih.gov/pub/clinvar/tab_delimited/variant_summary.txt.gz	2026-06-03
GMPPB	58	58	19	121	criteria provided, multiple submitters, no conflicts; criteria provided, single submitter; no assertion criteria provided	Abnormality of the musculature; Acute rhabdomyolysis; Autosomal recessive GMPPB-related disorders; Autosomal recessive limb-girdle muscular dystrophy type 2T; Autosomal recessive limb-girdle muscular dystrophy type 2T;Muscular dystrophy-dystroglycanopathy (congenital with brain and eye anomalies), type A14;Muscular dystrophy-dystroglycanopathy (congenital with intellectual disability), type B14	GRCh38	https://ftp.ncbi.nlm.nih.gov/pub/clinvar/tab_delimited/variant_summary.txt.gz	2026-06-03
GNE	184	184	18	348	criteria provided, multiple submitters, no conflicts; criteria provided, single submitter; no assertion criteria provided	GNE myopathy; GNE myopathy;Sialuria; GNE myopathy;Sialuria;Thrombocytopenia 12 with or without myopathy; GNE myopathy;Thrombocytopenia 12 with or without myopathy; GNE myopathy;Thrombocytopenia 12 with or without myopathy;Sialuria	GRCh38	https://ftp.ncbi.nlm.nih.gov/pub/clinvar/tab_delimited/variant_summary.txt.gz	2026-06-03
GNPNAT1	1	1	1	1	no assertion criteria provided	Rhizomelic dysplasia, Ain-Naz type	GRCh38	https://ftp.ncbi.nlm.nih.gov/pub/clinvar/tab_delimited/variant_summary.txt.gz	2026-06-03
HK1	35	35	14	61	criteria provided, multiple submitters, no conflicts; criteria provided, single submitter; no assertion criteria provided	Autism spectrum disorder; Charcot-Marie-Tooth disease type 4G; Charcot-Marie-Tooth disease type 4G;Hemolytic anemia due to hexokinase deficiency; Charcot-Marie-Tooth disease type 4G;Hemolytic anemia due to hexokinase deficiency;Retinitis pigmentosa 79; HK1-related disorder	GRCh38	https://ftp.ncbi.nlm.nih.gov/pub/clinvar/tab_delimited/variant_summary.txt.gz	2026-06-03
MAGT1	40	40	4	46	criteria provided, multiple submitters, no conflicts; criteria provided, single submitter; no assertion criteria provided	Congenital disorder of glycosylation; Congenital disorder of glycosylation, type ICC; Congenital disorder of glycosylation, type ICC;X-linked immunodeficiency with magnesium defect, Epstein-Barr virus infection and neoplasia; X-linked immunodeficiency with magnesium defect, Epstein-Barr virus infection and neoplasia	GRCh38	https://ftp.ncbi.nlm.nih.gov/pub/clinvar/tab_delimited/variant_summary.txt.gz	2026-06-03
MAN1A1	0	0	0	0			GRCh38	https://ftp.ncbi.nlm.nih.gov/pub/clinvar/tab_delimited/variant_summary.txt.gz	2026-06-03
MAN1A2	0	0	0	0			GRCh38	https://ftp.ncbi.nlm.nih.gov/pub/clinvar/tab_delimited/variant_summary.txt.gz	2026-06-03
MAN1B1	48	48	5	56	criteria provided, multiple submitters, no conflicts; criteria provided, single submitter; no assertion criteria provided	Inborn genetic diseases; MAN1B1-congenital disorder of glycosylation; MAN1B1-related disorder; Rafiq syndrome; See cases	GRCh38	https://ftp.ncbi.nlm.nih.gov/pub/clinvar/tab_delimited/variant_summary.txt.gz	2026-06-03
MAN1C1	0	0	0	0			GRCh38	https://ftp.ncbi.nlm.nih.gov/pub/clinvar/tab_delimited/variant_summary.txt.gz	2026-06-03
MAN2A1	0	0	0	0			GRCh38	https://ftp.ncbi.nlm.nih.gov/pub/clinvar/tab_delimited/variant_summary.txt.gz	2026-06-03
MAN2A2	2	2	1	2	criteria provided, single submitter	Neurodevelopmental delay	GRCh38	https://ftp.ncbi.nlm.nih.gov/pub/clinvar/tab_delimited/variant_summary.txt.gz	2026-06-03
MGAT1	0	0	0	0			GRCh38	https://ftp.ncbi.nlm.nih.gov/pub/clinvar/tab_delimited/variant_summary.txt.gz	2026-06-03
MGAT2	13	13	3	15	criteria provided, multiple submitters, no conflicts; criteria provided, single submitter; no assertion criteria provided	Abnormal facial shape;Abnormal glycosylation;Global developmental delay; MGAT2-congenital disorder of glycosylation; MGAT2-related disorder	GRCh38	https://ftp.ncbi.nlm.nih.gov/pub/clinvar/tab_delimited/variant_summary.txt.gz	2026-06-03
MGAT3	0	0	0	0			GRCh38	https://ftp.ncbi.nlm.nih.gov/pub/clinvar/tab_delimited/variant_summary.txt.gz	2026-06-03
MGAT4A	0	0	0	0			GRCh38	https://ftp.ncbi.nlm.nih.gov/pub/clinvar/tab_delimited/variant_summary.txt.gz	2026-06-03
MGAT4B	0	0	0	0			GRCh38	https://ftp.ncbi.nlm.nih.gov/pub/clinvar/tab_delimited/variant_summary.txt.gz	2026-06-03
MGAT4C	0	0	0	0			GRCh38	https://ftp.ncbi.nlm.nih.gov/pub/clinvar/tab_delimited/variant_summary.txt.gz	2026-06-03
MGAT5	0	0	0	0			GRCh38	https://ftp.ncbi.nlm.nih.gov/pub/clinvar/tab_delimited/variant_summary.txt.gz	2026-06-03
MLEC	0	0	0	0			GRCh38	https://ftp.ncbi.nlm.nih.gov/pub/clinvar/tab_delimited/variant_summary.txt.gz	2026-06-03
MOGS	38	38	2	41	criteria provided, multiple submitters, no conflicts; criteria provided, single submitter; no assertion criteria provided	MOGS-congenital disorder of glycosylation; MOGS-related disorder	GRCh38	https://ftp.ncbi.nlm.nih.gov/pub/clinvar/tab_delimited/variant_summary.txt.gz	2026-06-03
MPDU1	15	15	1	15	criteria provided, single submitter; no assertion criteria provided	MPDU1-congenital disorder of glycosylation	GRCh38	https://ftp.ncbi.nlm.nih.gov/pub/clinvar/tab_delimited/variant_summary.txt.gz	2026-06-03
MPI	113	113	2	117	criteria provided, multiple submitters, no conflicts; criteria provided, single submitter; no assertion criteria provided	MPI-congenital disorder of glycosylation; MPI-related disorder	GRCh38	https://ftp.ncbi.nlm.nih.gov/pub/clinvar/tab_delimited/variant_summary.txt.gz	2026-06-03
NAGK	0	0	0	0			GRCh38	https://ftp.ncbi.nlm.nih.gov/pub/clinvar/tab_delimited/variant_summary.txt.gz	2026-06-03
NANP	0	0	0	0			GRCh38	https://ftp.ncbi.nlm.nih.gov/pub/clinvar/tab_delimited/variant_summary.txt.gz	2026-06-03
NANS	17	17	1	21	criteria provided, multiple submitters, no conflicts; criteria provided, single submitter; no assertion criteria provided	Spondyloepimetaphyseal dysplasia, Genevieve type	GRCh38	https://ftp.ncbi.nlm.nih.gov/pub/clinvar/tab_delimited/variant_summary.txt.gz	2026-06-03
NGLY1	129	129	11	180	criteria provided, multiple submitters, no conflicts; criteria provided, single submitter; no assertion criteria provided	Abnormal brain morphology; Congenital disorder of deglycosylation; Congenital disorder of deglycosylation 1; Epilepsy; Inborn genetic diseases	GRCh38	https://ftp.ncbi.nlm.nih.gov/pub/clinvar/tab_delimited/variant_summary.txt.gz	2026-06-03
NUS1	81	81	8	90	criteria provided, multiple submitters, no conflicts; criteria provided, single submitter; no assertion criteria provided	Congenital bilateral perisylvian syndrome; Congenital disorder of glycosylation, type IAA; Inborn genetic diseases; Intellectual disability, autosomal dominant 55, with seizures; Intellectual disability;generalized epilepsy with atypical absence and tonic/myoclonic seizures;Tremor	GRCh38	https://ftp.ncbi.nlm.nih.gov/pub/clinvar/tab_delimited/variant_summary.txt.gz	2026-06-03
OS9	0	0	0	0			GRCh38	https://ftp.ncbi.nlm.nih.gov/pub/clinvar/tab_delimited/variant_summary.txt.gz	2026-06-03
OST4	0	0	0	0			GRCh38	https://ftp.ncbi.nlm.nih.gov/pub/clinvar/tab_delimited/variant_summary.txt.gz	2026-06-03
OSTC	0	0	0	0			GRCh38	https://ftp.ncbi.nlm.nih.gov/pub/clinvar/tab_delimited/variant_summary.txt.gz	2026-06-03
PDIA3	0	0	0	0			GRCh38	https://ftp.ncbi.nlm.nih.gov/pub/clinvar/tab_delimited/variant_summary.txt.gz	2026-06-03
PGM3	69	69	5	85	criteria provided, multiple submitters, no conflicts; criteria provided, single submitter; no assertion criteria provided	Hyper-IgE syndrome; Immunodeficiency 23; Inborn genetic diseases; PGM3-related disorder; Severe combined immunodeficiency disease	GRCh38	https://ftp.ncbi.nlm.nih.gov/pub/clinvar/tab_delimited/variant_summary.txt.gz	2026-06-03
PMM1	1	1	1	1	no assertion criteria provided	Global developmental delay, absent or hypoplastic corpus callosum, and dysmorphic facies	GRCh38	https://ftp.ncbi.nlm.nih.gov/pub/clinvar/tab_delimited/variant_summary.txt.gz	2026-06-03
PMM2	209	209	15	315	criteria provided, multiple submitters, no conflicts; criteria provided, single submitter; no assertion criteria provided	6 conditions; Cerebellar ataxia; Cerebellar ataxia;Muscular dystrophy;Diabetes mellitus;Congenital cerebellar hypoplasia; Congenital cerebellar hypoplasia; Congenital cerebellar hypoplasia;Diabetes mellitus;Muscular dystrophy;Cerebellar ataxia	GRCh38	https://ftp.ncbi.nlm.nih.gov/pub/clinvar/tab_delimited/variant_summary.txt.gz	2026-06-03
PRKCSH	43	43	4	53	criteria provided, multiple submitters, no conflicts; criteria provided, single submitter; no assertion criteria provided	Autosomal dominant polycystic liver disease; Inborn genetic diseases; PRKCSH-related disorder; Polycystic liver disease 1	GRCh38	https://ftp.ncbi.nlm.nih.gov/pub/clinvar/tab_delimited/variant_summary.txt.gz	2026-06-03
RFT1	15	15	1	17	criteria provided, multiple submitters, no conflicts; criteria provided, single submitter; no assertion criteria provided	RFT1-congenital disorder of glycosylation	GRCh38	https://ftp.ncbi.nlm.nih.gov/pub/clinvar/tab_delimited/variant_summary.txt.gz	2026-06-03
RPN1	0	0	0	0			GRCh38	https://ftp.ncbi.nlm.nih.gov/pub/clinvar/tab_delimited/variant_summary.txt.gz	2026-06-03
RPN2	0	0	0	0			GRCh38	https://ftp.ncbi.nlm.nih.gov/pub/clinvar/tab_delimited/variant_summary.txt.gz	2026-06-03
SEL1L	1	1	1	1	no assertion criteria provided	Neurodevelopmental disorder with hypotonia, poor growth, dysmorphic facies, and agammaglobulinemia	GRCh38	https://ftp.ncbi.nlm.nih.gov/pub/clinvar/tab_delimited/variant_summary.txt.gz	2026-06-03
SLC35A1	4	4	1	4	no assertion criteria provided	SLC35A1-congenital disorder of glycosylation	GRCh38	https://ftp.ncbi.nlm.nih.gov/pub/clinvar/tab_delimited/variant_summary.txt.gz	2026-06-03
SLC35C1	10	10	1	12	criteria provided, multiple submitters, no conflicts; criteria provided, single submitter; no assertion criteria provided	Leukocyte adhesion deficiency type II	GRCh38	https://ftp.ncbi.nlm.nih.gov/pub/clinvar/tab_delimited/variant_summary.txt.gz	2026-06-03
SRD5A3	21	21	12	39	criteria provided, multiple submitters, no conflicts; criteria provided, single submitter; no assertion criteria provided	Abnormal optic nerve morphology; Abnormality of the nervous system; Autism;Cone dystrophy;Global developmental delay; Autosomal recessive SRD5A3-related disorders; Congenital disorder of glycosylation	GRCh38	https://ftp.ncbi.nlm.nih.gov/pub/clinvar/tab_delimited/variant_summary.txt.gz	2026-06-03
ST3GAL4	0	0	0	0			GRCh38	https://ftp.ncbi.nlm.nih.gov/pub/clinvar/tab_delimited/variant_summary.txt.gz	2026-06-03
ST6GAL1	0	0	0	0			GRCh38	https://ftp.ncbi.nlm.nih.gov/pub/clinvar/tab_delimited/variant_summary.txt.gz	2026-06-03
ST8SIA2	0	0	0	0			GRCh38	https://ftp.ncbi.nlm.nih.gov/pub/clinvar/tab_delimited/variant_summary.txt.gz	2026-06-03
ST8SIA3	0	0	0	0			GRCh38	https://ftp.ncbi.nlm.nih.gov/pub/clinvar/tab_delimited/variant_summary.txt.gz	2026-06-03
ST8SIA6	0	0	0	0			GRCh38	https://ftp.ncbi.nlm.nih.gov/pub/clinvar/tab_delimited/variant_summary.txt.gz	2026-06-03
STT3A	6	6	2	9	criteria provided, multiple submitters, no conflicts; criteria provided, single submitter	Congenital disorder of glycosylation, type Iw, autosomal dominant; STT3A-congenital disorder of glycosylation	GRCh38	https://ftp.ncbi.nlm.nih.gov/pub/clinvar/tab_delimited/variant_summary.txt.gz	2026-06-03
STT3B	2	2	1	2	no assertion criteria provided	STT3B-congenital disorder of glycosylation	GRCh38	https://ftp.ncbi.nlm.nih.gov/pub/clinvar/tab_delimited/variant_summary.txt.gz	2026-06-03
TMEM258	0	0	0	0			GRCh38	https://ftp.ncbi.nlm.nih.gov/pub/clinvar/tab_delimited/variant_summary.txt.gz	2026-06-03
TUSC3	21	21	5	30	criteria provided, multiple submitters, no conflicts; criteria provided, single submitter; no assertion criteria provided	Abnormality of the nervous system; Inborn genetic diseases; Intellectual disability; Intellectual disability, autosomal recessive 24; Intellectual disability, autosomal recessive 7	GRCh38	https://ftp.ncbi.nlm.nih.gov/pub/clinvar/tab_delimited/variant_summary.txt.gz	2026-06-03
UAP1	0	0	0	0			GRCh38	https://ftp.ncbi.nlm.nih.gov/pub/clinvar/tab_delimited/variant_summary.txt.gz	2026-06-03
UGGT1	10	10	2	10	criteria provided, single submitter; no assertion criteria provided	Congenital disorder of glycosylation, type IIcc; Hypercholesterolemia, familial, 1	GRCh38	https://ftp.ncbi.nlm.nih.gov/pub/clinvar/tab_delimited/variant_summary.txt.gz	2026-06-03
UGGT2	0	0	0	0			GRCh38	https://ftp.ncbi.nlm.nih.gov/pub/clinvar/tab_delimited/variant_summary.txt.gz	2026-06-03
