audit_version	symbol	primary_region	analysis_group	cdg_curated_status	clinvar_evidence_status	gwas_association_count	gwas_trait_categories	direct_glycome_association_count	reported_direct_glycome_count	interface_association_count	reported_gene_association_count	study_count	pubmed_count	min_p_value	top_direct_glycome_traits	top_direct_glycome_studies	top_any_traits	audit_note	candidate_score	candidate_evidence_tier
downstream_gwas_candidate_audit_v0.1_2026-06-06	FUT8	terminal_modification	downstream_diversification	not_cdg_gene	plp_variants_present	213	cancer;glycome;immune_inflammation;infection;metabolism;tissue_identity	203	38	42	58	104	58	5.9999999999999995e-248	level of alpha-(1,6)-fucosyltransferase in blood; N-glycan measurement; level of alpha-(1,6)-fucosyltransferase in blood serum	GCST90469281; GCST90668789; GCST90671969; GCST90668555; GCST90059964	level of alpha-(1,6)-fucosyltransferase in blood; N-glycan measurement; level of alpha-(1,6)-fucosyltransferase in blood serum	Prioritize reported-gene and direct glycome matches; mapped-gene-only associations require locus audit.	1041.5	strong_candidate
downstream_gwas_candidate_audit_v0.1_2026-06-06	ST6GAL1	terminal_modification	downstream_diversification	not_cdg_gene	no_plp_variants_found	249	cancer;glycome;immune_inflammation;infection;metabolism;tissue_identity	79	39	104	58	163	62	5e-276	serum IgG glycosylation measurement; N-glycan measurement; beta-galactoside alpha-2,6-sialyltransferase 1 measurement	GCST009860; GCST90671969; GCST90470753; GCST90668719; GCST90668485	serum IgG glycosylation measurement; N-glycan measurement; NOTCH1/SEMA7A protein level ratio in blood; kell blood group glycoprotein measurement; semaphorin-7A measurement	Prioritize reported-gene and direct glycome matches; mapped-gene-only associations require locus audit.	579.5	strong_candidate
downstream_gwas_candidate_audit_v0.1_2026-06-06	MGAT3	golgi_branching	downstream_diversification	not_cdg_gene	no_plp_variants_found	159	cancer;glycome;immune_inflammation;metabolism;tissue_identity	91	28	36	40	96	36	2.0000000000000002e-82	N-glycan measurement; serum IgG glycosylation measurement	GCST90671969; GCST009860; GCST90668758; GCST005656; GCST90668507	body height; N-glycan measurement; serum IgG glycosylation measurement; tenascin measurement; CD22/FCRL1 protein level ratio in blood	Prioritize reported-gene and direct glycome matches; mapped-gene-only associations require locus audit.	533.5	strong_candidate
downstream_gwas_candidate_audit_v0.1_2026-06-06	B4GALT1	terminal_modification	downstream_diversification	known_cdg_gene	plp_variants_present	216	cancer;glycome;immune_inflammation;infection;metabolism;tissue_identity	67	11	75	29	163	56	5e-203	beta-1,4-galactosyltransferase 1 measurement; N-glycan measurement	GCST90468412; GCST90246639; GCST90671969; GCST90668745; GCST90668511	beta-1,4-galactosyltransferase 1 measurement; bone tissue density; lymphatic vessel endothelial hyaluronic acid receptor 1 level; aspartate aminotransferase measurement	Prioritize reported-gene and direct glycome matches; mapped-gene-only associations require locus audit.	389.5	strong_candidate
downstream_gwas_candidate_audit_v0.1_2026-06-06	ST3GAL4	terminal_modification	downstream_diversification	not_cdg_gene	no_plp_variants_found	1068	cancer;glycome;immune_inflammation;infection;metabolism;tissue_identity	15	1	330	62	940	98	3e-299	N-glycan measurement; transferrin glycosylation measurement	GCST90671979; GCST90668788; GCST90668554; GCST90129361; GCST90129371	serine protease 27 measurement; lymphatic vessel endothelial hyaluronic acid receptor 1 level; interleukin 7 receptor subunit alpha measurement; N-glycan measurement; alkaline phosphatase measurement	Prioritize reported-gene and direct glycome matches; mapped-gene-only associations require locus audit.	328.5	strong_candidate
downstream_gwas_candidate_audit_v0.1_2026-06-06	FUT3	terminal_modification	downstream_diversification	not_cdg_gene	no_plp_variants_found	176	cancer;glycome;immune_inflammation;metabolism;tissue_identity	44	18	66	23	122	42	0.0	Galactoside 3(4)-L-fucosyltransferase levels; galactoside 3(4)-L-fucosyltransferase measurement; level of 3-galactosyl-N-acetylglucosaminide 4-alpha-L-fucosyltransferase FUT3 in blood, level of 4-galactosyl-N-acetylglucosaminide 3-alpha-L-fucosyltransferase FUT5 in blood	GCST90247666; GCST90241216; GCST90469280	Galactoside 3(4)-L-fucosyltransferase levels; protein FAM3B measurement; cancer biomarker measurement; galactoside 3(4)-L-fucosyltransferase measurement; Serum levels of protein FUT3	Prioritize reported-gene and direct glycome matches; mapped-gene-only associations require locus audit.	305.0	strong_candidate
downstream_gwas_candidate_audit_v0.1_2026-06-06	MGAT5	golgi_branching	downstream_diversification	not_cdg_gene	no_plp_variants_found	231	cancer;glycome;immune_inflammation;infection;metabolism;tissue_identity	16	4	91	19	182	94	0.0	N-glycan measurement; transferrin glycosylation measurement	GCST90671979; GCST90129367; GCST90129366; GCST90668547; GCST90668784	AXL/CD163 protein level ratio in blood; CD163/FOLR2 protein level ratio in blood; CD163/ICAM1 protein level ratio in blood; CD163/IL18BP protein level ratio in blood; bone tissue density	Prioritize reported-gene and direct glycome matches; mapped-gene-only associations require locus audit.	157.5	strong_candidate
downstream_gwas_candidate_audit_v0.1_2026-06-06	MAN1A2	golgi_core_processing	downstream_diversification	not_cdg_gene	no_plp_variants_found	43	cancer;immune_inflammation;infection;metabolism;tissue_identity	6	0	8	1	36	25	3.9999999999999996e-110	mannosyl-oligosaccharide 1,2-alpha-mannosidase IB measurement; Mannosyl-oligosaccharide 1,2-alpha-mannosidase IB levels	GCST90248373; GCST90427640	mannosyl-oligosaccharide 1,2-alpha-mannosidase IB measurement; level of immunoglobulin superfamily member 2 in blood	Prioritize reported-gene and direct glycome matches; mapped-gene-only associations require locus audit.	37.0	moderate_candidate
downstream_gwas_candidate_audit_v0.1_2026-06-06	MAN2A1	golgi_core_processing	downstream_diversification	not_cdg_gene	no_plp_variants_found	63	cancer;immune_inflammation;infection;metabolism	0	0	8	16	54	40	1e-36			level of phospholipase B1, membrane-associated in blood; vascular endothelial growth factor D measurement; smoking initiation; educational attainment; body height	Prioritize reported-gene and direct glycome matches; mapped-gene-only associations require locus audit.	35.5	interface_candidate
downstream_gwas_candidate_audit_v0.1_2026-06-06	MAN1A1	golgi_core_processing	downstream_diversification	not_cdg_gene	no_plp_variants_found	108	cancer;immune_inflammation;infection;metabolism;tissue_identity	0	0	34	7	73	53	0.0			CA9/CBLIF protein level ratio in blood; Gastric intrinsic factor levels; lactoperoxidase measurement; level of cobalamin binding intrinsic factor in blood	Prioritize reported-gene and direct glycome matches; mapped-gene-only associations require locus audit.	35.0	interface_candidate
downstream_gwas_candidate_audit_v0.1_2026-06-06	B4GALT6	terminal_modification	downstream_diversification	not_cdg_gene	no_plp_variants_found	21	immune_inflammation;metabolism;tissue_identity	4	0	4	5	20	18	9e-231	beta-1,4-galactosyltransferase 6 measurement; Beta-1,4-galactosyltransferase 6 levels	GCST90246641; GCST90240404; GCST90421243	beta-1,4-galactosyltransferase 6 measurement; Serum levels of protein B4GALT6; TNF-related apoptosis-inducing ligand measurement; Blood protein levels	Prioritize reported-gene and direct glycome matches; mapped-gene-only associations require locus audit.	33.0	moderate_candidate
downstream_gwas_candidate_audit_v0.1_2026-06-06	MGAT4C	golgi_branching	downstream_diversification	not_cdg_gene	no_plp_variants_found	59	cancer;glycome;immune_inflammation;metabolism;tissue_identity	2	0	1	11	43	35	5e-21	alpha-1,3-mannosyl-glycoprotein 4-beta-N-acetylglucosaminyltransferase C measurement; Alpha-1,3-mannosyl-glycoprotein 4-beta-N-acetylglucosaminyltransferase C levels	GCST90248467; GCST90426980	alpha-1,3-mannosyl-glycoprotein 4-beta-N-acetylglucosaminyltransferase C measurement; body height; smoking initiation; strand of hair color	Prioritize reported-gene and direct glycome matches; mapped-gene-only associations require locus audit.	32.5	moderate_candidate
downstream_gwas_candidate_audit_v0.1_2026-06-06	B4GALNT2	terminal_modification	downstream_diversification	not_cdg_gene	no_plp_variants_found	65	cancer;immune_inflammation;metabolism;tissue_identity	0	0	32	5	45	23	9e-237			uromodulin measurement; HEPACAM family member 2 measurement	Prioritize reported-gene and direct glycome matches; mapped-gene-only associations require locus audit.	31.0	interface_candidate
downstream_gwas_candidate_audit_v0.1_2026-06-06	MAN1C1	golgi_core_processing	downstream_diversification	not_cdg_gene	no_plp_variants_found	25	cancer;infection;metabolism;tissue_identity	3	0	10	4	21	17	7e-78	Mannosyl-oligosaccharide 1,2-alpha-mannosidase IC levels	GCST90248374; GCST90422134	Mannosyl-oligosaccharide 1,2-alpha-mannosidase IC levels; body height; neutral ceramidase measurement	Prioritize reported-gene and direct glycome matches; mapped-gene-only associations require locus audit.	30.5	moderate_candidate
downstream_gwas_candidate_audit_v0.1_2026-06-06	ST8SIA2	terminal_modification	downstream_diversification	not_cdg_gene	no_plp_variants_found	22	cancer;infection;metabolism	0	0	6	10	19	18	3e-88			level of neural cell adhesion molecule 1 in blood serum; ITGB1/NCAM1 protein level ratio in blood; glioma pathogenesis-related protein 1 measurement; bone tissue density	Prioritize reported-gene and direct glycome matches; mapped-gene-only associations require locus audit.	25.5	interface_candidate
downstream_gwas_candidate_audit_v0.1_2026-06-06	MGAT4B	golgi_branching	downstream_diversification	not_cdg_gene	no_plp_variants_found	10	glycome;immune_inflammation;metabolism;tissue_identity	3	0	1	4	10	8	2e-198	alpha-1,3-mannosyl-glycoprotein 4-beta-N-acetylglucosaminyltransferase B measurement; Alpha-1,3-mannosyl-glycoprotein 4-beta-N-acetylglucosaminyltransferase B levels	GCST90248466; GCST90426935; GCST90240236	alpha-1,3-mannosyl-glycoprotein 4-beta-N-acetylglucosaminyltransferase B measurement; Alpha-1,3-mannosyl-glycoprotein 4-beta-N-acetylglucosaminyltransferase B levels; Blood protein levels; monocyte count	Prioritize reported-gene and direct glycome matches; mapped-gene-only associations require locus audit.	25.0	moderate_candidate
downstream_gwas_candidate_audit_v0.1_2026-06-06	CHST8	terminal_modification	downstream_diversification	not_cdg_gene	no_plp_variants_found	29	cancer;immune_inflammation;metabolism;tissue_identity	0	0	1	11	29	24	4.0000000000000003e-28			facial morphology trait; body mass index; beta-nerve growth factor  level	Prioritize reported-gene and direct glycome matches; mapped-gene-only associations require locus audit.	24.5	weak_or_broad_mapping
downstream_gwas_candidate_audit_v0.1_2026-06-06	ST8SIA6	terminal_modification	downstream_diversification	not_cdg_gene	no_plp_variants_found	48	cancer;immune_inflammation;metabolism;tissue_identity	1	0	2	6	38	24	5e-43	Alpha-2,8-sialyltransferase 8F levels	GCST90426836	aspartate aminotransferase measurement; aspartate aminotransferase to alanine aminotransferase ratio	Prioritize reported-gene and direct glycome matches; mapped-gene-only associations require locus audit.	21.5	moderate_candidate
downstream_gwas_candidate_audit_v0.1_2026-06-06	MAN2A2	golgi_core_processing	downstream_diversification	not_cdg_gene	plp_variants_present	13	metabolism;tissue_identity	1	0	2	5	13	13	4e-44	level of alpha-(1,6)-fucosyltransferase in blood	GCST90469281	diastolic blood pressure; level of alpha-(1,6)-fucosyltransferase in blood; MA2A2 protein level (protein group normalized intensity); heart failure; schizophrenia	Prioritize reported-gene and direct glycome matches; mapped-gene-only associations require locus audit.	20.0	moderate_candidate
downstream_gwas_candidate_audit_v0.1_2026-06-06	B4GALT4	terminal_modification	downstream_diversification	not_cdg_gene	no_plp_variants_found	19	cancer;immune_inflammation;metabolism;tissue_identity	0	0	4	6	18	17	8e-33			level of proline-rich protein 4 in blood; cerebral cortex area attribute; forced expiratory volume	Prioritize reported-gene and direct glycome matches; mapped-gene-only associations require locus audit.	18.5	weak_or_broad_mapping
downstream_gwas_candidate_audit_v0.1_2026-06-06	MGAT1	golgi_core_processing	downstream_diversification	not_cdg_gene	no_plp_variants_found	37	metabolism;tissue_identity	0	0	7	5	36	22	1.9999999999999998e-54			body height; sialic acid-binding Ig-like lectin 10 measurement; level of nodal modulator 1 in blood; serum gamma-glutamyl transferase measurement	Prioritize reported-gene and direct glycome matches; mapped-gene-only associations require locus audit.	18.5	interface_candidate
downstream_gwas_candidate_audit_v0.1_2026-06-06	B4GALT2	terminal_modification	downstream_diversification	not_cdg_gene	no_plp_variants_found	7	metabolism;tissue_identity	2	0	2	2	7	7	5e-138	beta-1,4-galactosyltransferase 2 measurement; Beta-1,4-galactosyltransferase 2 levels	GCST90246640; GCST90427869	beta-1,4-galactosyltransferase 2 measurement; Beta-1,4-galactosyltransferase 2 levels; Serum levels of protein B4GALT2; smoking initiation; schizophrenia, autism spectrum disorder	Prioritize reported-gene and direct glycome matches; mapped-gene-only associations require locus audit.	17.25	moderate_candidate
downstream_gwas_candidate_audit_v0.1_2026-06-06	MGAT4A	golgi_branching	downstream_diversification	not_cdg_gene	no_plp_variants_found	17	cancer;immune_inflammation;metabolism;tissue_identity	0	0	4	5	17	15	1e-22			level of C-type lectin domain family 4 member C in blood; macrophage colony-stimulating factor 1 receptor level; smoking initiation; progression free survival, metastatic colorectal cancer, response to cetuximab, response to CAPOX-B; body height	Prioritize reported-gene and direct glycome matches; mapped-gene-only associations require locus audit.	17.0	weak_or_broad_mapping
downstream_gwas_candidate_audit_v0.1_2026-06-06	CHST10	terminal_modification	downstream_diversification	not_cdg_gene	no_plp_variants_found	16	immune_inflammation;metabolism;tissue_identity	0	0	0	6	16	13	6e-16			intelligence; body mass index; income; household income; free cholesterol in large HDL measurement	Prioritize reported-gene and direct glycome matches; mapped-gene-only associations require locus audit.	16.5	weak_or_broad_mapping
downstream_gwas_candidate_audit_v0.1_2026-06-06	ST8SIA3	terminal_modification	downstream_diversification	not_cdg_gene	no_plp_variants_found	50	cancer;immune_inflammation;infection;metabolism;tissue_identity	0	0	9	2	46	28	1e-67			LIM domain-containing protein 1 levels; body height; C-reactive protein measurement	Prioritize reported-gene and direct glycome matches; mapped-gene-only associations require locus audit.	15.0	interface_candidate
downstream_gwas_candidate_audit_v0.1_2026-06-06	B4GALT5	terminal_modification	downstream_diversification	not_cdg_gene	no_plp_variants_found	17	immune_inflammation;infection;metabolism;tissue_identity	0	0	1	4	15	13	1e-300			bone tissue density; body height; body mass index; health trait	Prioritize reported-gene and direct glycome matches; mapped-gene-only associations require locus audit.	14.0	weak_or_broad_mapping
downstream_gwas_candidate_audit_v0.1_2026-06-06	B4GALT3	terminal_modification	downstream_diversification	not_cdg_gene	plp_variants_present	2	immune_inflammation;metabolism	0	0	1	1	2	2	5e-15			asthma; nectin-4 measurement	Prioritize reported-gene and direct glycome matches; mapped-gene-only associations require locus audit.	3.5	weak_or_broad_mapping
downstream_gwas_candidate_audit_v0.1_2026-06-06	MGAT2	golgi_core_processing	downstream_diversification	known_cdg_gene	plp_variants_present	1	metabolism;tissue_identity	0	0	1	1	1	1	1e-09			Blood protein levels	Prioritize reported-gene and direct glycome matches; mapped-gene-only associations require locus audit.	2.75	weak_or_broad_mapping
