symbol	ensembl_gene_id	primary_region	analysis_group	include_primary	include_sensitivity	cdg_curated_status	cdg_subtype	mendelian_disease_status	mode_of_inheritance	severe_mendelian_burden	clinvar_plp_variant_count	clinvar_plp_condition_count	clinvar_evidence_status	gwas_association_count	gwas_trait_category_count	glycome_trait_flag	immune_inflammation_trait_flag	infection_trait_flag	cancer_trait_flag	tissue_identity_trait_flag	complex_trait_evidence_status	disease_architecture_class	evidence_confidence	disease_annotation_version	disease_annotation_source	disease_annotation_source_url	disease_annotation_access_date	disease_annotation_notes
HK1	ENSG00000156515	substrate_biosynthesis	substrate_support	no	yes	not_cdg_gene		no_curated_cdg_mendelian_seed_evidence		low	35	14	plp_variants_present	317	6	yes	yes	yes	yes	yes	gwas_trait_evidence_present	severe_mendelian_core	first_pass_genereviews_only	cdg_clinvar_plus_gwas_catalog_v0.1_2026-06-03	GeneReviews CDG N-linked and multiple-pathway overview	https://www.ncbi.nlm.nih.gov/books/NBK1332/	2026-06-03	Not listed in first-pass GeneReviews CDG seed curation; ClinVar and GWAS evidence not assessed in this version. ClinVar P/LP layer: 35 unique GRCh38 germline P/LP VariationID(s), accessed 2026-06-03. GWAS Catalog layer: 317 association(s), 95 mapped trait(s), categories cancer;glycome;immune_inflammation;infection;metabolism;tissue_identity, accessed 2026-06-03.
MPI	ENSG00000178802	substrate_biosynthesis	substrate_support	no	yes	known_cdg_gene	MPI-CDG (CDG-Ib)	curated_cdg_mendelian_evidence	AR	moderate	113	2	plp_variants_present	36	2	no	yes	no	no	no	gwas_trait_evidence_present	mixed_mendelian_and_complex	high	cdg_clinvar_plus_gwas_catalog_v0.1_2026-06-03	GeneReviews CDG N-linked and multiple-pathway overview	https://www.ncbi.nlm.nih.gov/books/NBK1332/	2026-06-03	known cdg gene; subtype MPI-CDG (CDG-Ib); mode AR; source GeneReviews CDG N-linked and multiple-pathway overview, accessed 2026-06-03; ClinVar and GWAS evidence not assessed in this version. ClinVar P/LP layer: 113 unique GRCh38 germline P/LP VariationID(s), accessed 2026-06-03. GWAS Catalog layer: 36 association(s), 18 mapped trait(s), categories immune_inflammation;metabolism, accessed 2026-06-03.
PMM1	ENSG00000100417	substrate_biosynthesis	substrate_support	no	yes	not_cdg_gene		no_curated_cdg_mendelian_seed_evidence		low	1	1	plp_variants_present	17	3	no	yes	no	yes	no	gwas_trait_evidence_present	severe_mendelian_core	first_pass_genereviews_only	cdg_clinvar_plus_gwas_catalog_v0.1_2026-06-03	GeneReviews CDG N-linked and multiple-pathway overview	https://www.ncbi.nlm.nih.gov/books/NBK1332/	2026-06-03	Not listed in first-pass GeneReviews CDG seed curation; ClinVar and GWAS evidence not assessed in this version. ClinVar P/LP layer: 1 unique GRCh38 germline P/LP VariationID(s), accessed 2026-06-03. GWAS Catalog layer: 17 association(s), 14 mapped trait(s), categories cancer;immune_inflammation;metabolism, accessed 2026-06-03.
PMM2	ENSG00000140650	substrate_biosynthesis	substrate_support	no	yes	known_cdg_gene	PMM2-CDG (CDG-Ia)	curated_cdg_mendelian_evidence	AR	high	209	15	plp_variants_present	15	3	no	yes	no	yes	no	gwas_trait_evidence_present	mixed_mendelian_and_complex	high	cdg_clinvar_plus_gwas_catalog_v0.1_2026-06-03	GeneReviews CDG N-linked and multiple-pathway overview	https://www.ncbi.nlm.nih.gov/books/NBK1332/	2026-06-03	known cdg gene; subtype PMM2-CDG (CDG-Ia); mode AR; source GeneReviews CDG N-linked and multiple-pathway overview, accessed 2026-06-03; ClinVar and GWAS evidence not assessed in this version. ClinVar P/LP layer: 209 unique GRCh38 germline P/LP VariationID(s), accessed 2026-06-03. GWAS Catalog layer: 15 association(s), 11 mapped trait(s), categories cancer;immune_inflammation;metabolism, accessed 2026-06-03.
GMPPA	ENSG00000144591	substrate_biosynthesis	substrate_support	no	yes	known_cdg_gene	GMPPA-CDG	curated_cdg_mendelian_evidence	AR	moderate	16	4	plp_variants_present	2	1	no	no	no	no	no	gwas_trait_evidence_present	mixed_mendelian_and_complex	high	cdg_clinvar_plus_gwas_catalog_v0.1_2026-06-03	GeneReviews CDG N-linked and multiple-pathway overview	https://www.ncbi.nlm.nih.gov/books/NBK1332/	2026-06-03	known cdg gene; subtype GMPPA-CDG; mode AR; source GeneReviews CDG N-linked and multiple-pathway overview, accessed 2026-06-03; ClinVar and GWAS evidence not assessed in this version. ClinVar P/LP layer: 16 unique GRCh38 germline P/LP VariationID(s), accessed 2026-06-03. GWAS Catalog layer: 2 association(s), 2 mapped trait(s), categories metabolism, accessed 2026-06-03.
GMPPB	ENSG00000173540	substrate_biosynthesis	substrate_support	no	yes	not_cdg_gene		no_curated_cdg_mendelian_seed_evidence		low	58	19	plp_variants_present	16	2	no	yes	no	no	yes	gwas_trait_evidence_present	severe_mendelian_core	first_pass_genereviews_only	cdg_clinvar_plus_gwas_catalog_v0.1_2026-06-03	GeneReviews CDG N-linked and multiple-pathway overview	https://www.ncbi.nlm.nih.gov/books/NBK1332/	2026-06-03	Not listed in first-pass GeneReviews CDG seed curation; ClinVar and GWAS evidence not assessed in this version. ClinVar P/LP layer: 58 unique GRCh38 germline P/LP VariationID(s), accessed 2026-06-03. GWAS Catalog layer: 16 association(s), 15 mapped trait(s), categories immune_inflammation;tissue_identity, accessed 2026-06-03.
DPM1	ENSG00000000419	substrate_biosynthesis	substrate_support	no	yes	known_cdg_gene	DPM1-CDG (CDG-Ie)	curated_cdg_mendelian_evidence	AR	high	25	4	plp_variants_present	13	2	no	no	no	yes	no	gwas_trait_evidence_present	mixed_mendelian_and_complex	high	cdg_clinvar_plus_gwas_catalog_v0.1_2026-06-03	GeneReviews CDG N-linked and multiple-pathway overview	https://www.ncbi.nlm.nih.gov/books/NBK1332/	2026-06-03	known cdg gene; subtype DPM1-CDG (CDG-Ie); mode AR; source GeneReviews CDG N-linked and multiple-pathway overview, accessed 2026-06-03; ClinVar and GWAS evidence not assessed in this version. ClinVar P/LP layer: 25 unique GRCh38 germline P/LP VariationID(s), accessed 2026-06-03. GWAS Catalog layer: 13 association(s), 7 mapped trait(s), categories cancer;metabolism, accessed 2026-06-03.
DPM2	ENSG00000136908	substrate_biosynthesis	substrate_support	no	yes	overlapping_or_multiple_pathway_cdg_gene	DPM2-CDG	curated_cdg_mendelian_evidence	AR	high	9	1	plp_variants_present	4	0	no	no	no	no	no	gwas_trait_evidence_present	mixed_mendelian_and_complex	high	cdg_clinvar_plus_gwas_catalog_v0.1_2026-06-03	GeneReviews CDG N-linked and multiple-pathway overview	https://www.ncbi.nlm.nih.gov/books/NBK1332/	2026-06-03	overlapping or multiple pathway cdg gene; subtype DPM2-CDG; mode AR; source GeneReviews CDG N-linked and multiple-pathway overview, accessed 2026-06-03; ClinVar and GWAS evidence not assessed in this version. ClinVar P/LP layer: 9 unique GRCh38 germline P/LP VariationID(s), accessed 2026-06-03. GWAS Catalog layer: 4 association(s), 3 mapped trait(s), categories none, accessed 2026-06-03.
DPM3	ENSG00000179085	substrate_biosynthesis	substrate_support	no	yes	known_cdg_gene	DPM3-CDG (CDG-Io)	curated_cdg_mendelian_evidence	AR	moderate	12	2	plp_variants_present	34	4	no	yes	no	yes	yes	gwas_trait_evidence_present	mixed_mendelian_and_complex	high	cdg_clinvar_plus_gwas_catalog_v0.1_2026-06-03	GeneReviews CDG N-linked and multiple-pathway overview	https://www.ncbi.nlm.nih.gov/books/NBK1332/	2026-06-03	known cdg gene; subtype DPM3-CDG (CDG-Io); mode AR; source GeneReviews CDG N-linked and multiple-pathway overview, accessed 2026-06-03; ClinVar and GWAS evidence not assessed in this version. ClinVar P/LP layer: 12 unique GRCh38 germline P/LP VariationID(s), accessed 2026-06-03. GWAS Catalog layer: 34 association(s), 16 mapped trait(s), categories cancer;immune_inflammation;metabolism;tissue_identity, accessed 2026-06-03.
DOLK	ENSG00000175283	substrate_biosynthesis	substrate_support	no	yes	known_cdg_gene	DOLK-CDG (CDG-Im)	curated_cdg_mendelian_evidence	AR	high	14	2	plp_variants_present	3	2	no	no	no	no	yes	gwas_trait_evidence_present	mixed_mendelian_and_complex	high	cdg_clinvar_plus_gwas_catalog_v0.1_2026-06-03	GeneReviews CDG N-linked and multiple-pathway overview	https://www.ncbi.nlm.nih.gov/books/NBK1332/	2026-06-03	known cdg gene; subtype DOLK-CDG (CDG-Im); mode AR; source GeneReviews CDG N-linked and multiple-pathway overview, accessed 2026-06-03; ClinVar and GWAS evidence not assessed in this version. ClinVar P/LP layer: 14 unique GRCh38 germline P/LP VariationID(s), accessed 2026-06-03. GWAS Catalog layer: 3 association(s), 3 mapped trait(s), categories metabolism;tissue_identity, accessed 2026-06-03.
DOLPP1	ENSG00000167130	substrate_biosynthesis	substrate_support	no	yes	not_cdg_gene		no_curated_cdg_mendelian_seed_evidence		low	0	0	no_plp_variants_found	30	1	no	no	no	no	no	gwas_trait_evidence_present	complex_or_context_dependent_trait	first_pass_genereviews_only	cdg_clinvar_plus_gwas_catalog_v0.1_2026-06-03	GeneReviews CDG N-linked and multiple-pathway overview	https://www.ncbi.nlm.nih.gov/books/NBK1332/	2026-06-03	Not listed in first-pass GeneReviews CDG seed curation; ClinVar and GWAS evidence not assessed in this version. ClinVar P/LP layer: 0 unique GRCh38 germline P/LP VariationID(s), accessed 2026-06-03. GWAS Catalog layer: 30 association(s), 11 mapped trait(s), categories metabolism, accessed 2026-06-03.
DHDDS	ENSG00000117682	substrate_biosynthesis	substrate_support	no	yes	overlapping_or_multiple_pathway_cdg_gene	DHDDS-CDG	curated_cdg_mendelian_evidence	AR	high	39	8	plp_variants_present	30	4	no	yes	no	yes	yes	gwas_trait_evidence_present	mixed_mendelian_and_complex	high	cdg_clinvar_plus_gwas_catalog_v0.1_2026-06-03	GeneReviews CDG N-linked and multiple-pathway overview	https://www.ncbi.nlm.nih.gov/books/NBK1332/	2026-06-03	overlapping or multiple pathway cdg gene; subtype DHDDS-CDG; mode AR; source GeneReviews CDG N-linked and multiple-pathway overview, accessed 2026-06-03; ClinVar and GWAS evidence not assessed in this version. ClinVar P/LP layer: 39 unique GRCh38 germline P/LP VariationID(s), accessed 2026-06-03. GWAS Catalog layer: 30 association(s), 15 mapped trait(s), categories cancer;immune_inflammation;metabolism;tissue_identity, accessed 2026-06-03.
NUS1	ENSG00000153989	substrate_biosynthesis	substrate_support	no	yes	not_cdg_gene		no_curated_cdg_mendelian_seed_evidence		low	81	8	plp_variants_present	32	1	no	no	no	no	no	gwas_trait_evidence_present	severe_mendelian_core	first_pass_genereviews_only	cdg_clinvar_plus_gwas_catalog_v0.1_2026-06-03	GeneReviews CDG N-linked and multiple-pathway overview	https://www.ncbi.nlm.nih.gov/books/NBK1332/	2026-06-03	Not listed in first-pass GeneReviews CDG seed curation; ClinVar and GWAS evidence not assessed in this version. ClinVar P/LP layer: 81 unique GRCh38 germline P/LP VariationID(s), accessed 2026-06-03. GWAS Catalog layer: 32 association(s), 14 mapped trait(s), categories metabolism, accessed 2026-06-03.
SRD5A3	ENSG00000128039	substrate_biosynthesis	substrate_support	no	yes	known_cdg_gene	SRD5A3-CDG (CDG-Iq)	curated_cdg_mendelian_evidence	AR	high	21	12	plp_variants_present	43	4	no	yes	no	yes	yes	gwas_trait_evidence_present	mixed_mendelian_and_complex	high	cdg_clinvar_plus_gwas_catalog_v0.1_2026-06-03	GeneReviews CDG N-linked and multiple-pathway overview	https://www.ncbi.nlm.nih.gov/books/NBK1332/	2026-06-03	known cdg gene; subtype SRD5A3-CDG (CDG-Iq); mode AR; source GeneReviews CDG N-linked and multiple-pathway overview, accessed 2026-06-03; ClinVar and GWAS evidence not assessed in this version. ClinVar P/LP layer: 21 unique GRCh38 germline P/LP VariationID(s), accessed 2026-06-03. GWAS Catalog layer: 43 association(s), 20 mapped trait(s), categories cancer;immune_inflammation;metabolism;tissue_identity, accessed 2026-06-03.
MPDU1	ENSG00000129255	substrate_biosynthesis	substrate_support	no	yes	known_cdg_gene	MPDU1-CDG (CDG-If)	curated_cdg_mendelian_evidence	AR	high	15	1	plp_variants_present	39	2	no	no	no	no	yes	gwas_trait_evidence_present	mixed_mendelian_and_complex	high	cdg_clinvar_plus_gwas_catalog_v0.1_2026-06-03	GeneReviews CDG N-linked and multiple-pathway overview	https://www.ncbi.nlm.nih.gov/books/NBK1332/	2026-06-03	known cdg gene; subtype MPDU1-CDG (CDG-If); mode AR; source GeneReviews CDG N-linked and multiple-pathway overview, accessed 2026-06-03; ClinVar and GWAS evidence not assessed in this version. ClinVar P/LP layer: 15 unique GRCh38 germline P/LP VariationID(s), accessed 2026-06-03. GWAS Catalog layer: 39 association(s), 19 mapped trait(s), categories metabolism;tissue_identity, accessed 2026-06-03.
PGM3	ENSG00000013375	substrate_biosynthesis	substrate_support	no	yes	overlapping_or_multiple_pathway_cdg_gene	PGM3-CDG	curated_cdg_mendelian_evidence	AR	high	69	5	plp_variants_present	2	1	no	no	no	no	no	gwas_trait_evidence_present	mixed_mendelian_and_complex	high	cdg_clinvar_plus_gwas_catalog_v0.1_2026-06-03	GeneReviews CDG N-linked and multiple-pathway overview	https://www.ncbi.nlm.nih.gov/books/NBK1332/	2026-06-03	overlapping or multiple pathway cdg gene; subtype PGM3-CDG; mode AR; source GeneReviews CDG N-linked and multiple-pathway overview, accessed 2026-06-03; ClinVar and GWAS evidence not assessed in this version. ClinVar P/LP layer: 69 unique GRCh38 germline P/LP VariationID(s), accessed 2026-06-03. GWAS Catalog layer: 2 association(s), 2 mapped trait(s), categories metabolism, accessed 2026-06-03.
UAP1	ENSG00000117143	substrate_biosynthesis	substrate_support	no	yes	not_cdg_gene		no_curated_cdg_mendelian_seed_evidence		low	0	0	no_plp_variants_found	16	4	no	yes	yes	yes	no	gwas_trait_evidence_present	complex_or_context_dependent_trait	first_pass_genereviews_only	cdg_clinvar_plus_gwas_catalog_v0.1_2026-06-03	GeneReviews CDG N-linked and multiple-pathway overview	https://www.ncbi.nlm.nih.gov/books/NBK1332/	2026-06-03	Not listed in first-pass GeneReviews CDG seed curation; ClinVar and GWAS evidence not assessed in this version. ClinVar P/LP layer: 0 unique GRCh38 germline P/LP VariationID(s), accessed 2026-06-03. GWAS Catalog layer: 16 association(s), 15 mapped trait(s), categories cancer;immune_inflammation;infection;metabolism, accessed 2026-06-03.
GFPT1	ENSG00000198380	substrate_biosynthesis	substrate_support	no	yes	not_cdg_gene		no_curated_cdg_mendelian_seed_evidence		low	45	8	plp_variants_present	29	5	no	yes	yes	yes	yes	gwas_trait_evidence_present	severe_mendelian_core	first_pass_genereviews_only	cdg_clinvar_plus_gwas_catalog_v0.1_2026-06-03	GeneReviews CDG N-linked and multiple-pathway overview	https://www.ncbi.nlm.nih.gov/books/NBK1332/	2026-06-03	Not listed in first-pass GeneReviews CDG seed curation; ClinVar and GWAS evidence not assessed in this version. ClinVar P/LP layer: 45 unique GRCh38 germline P/LP VariationID(s), accessed 2026-06-03. GWAS Catalog layer: 29 association(s), 23 mapped trait(s), categories cancer;immune_inflammation;infection;metabolism;tissue_identity, accessed 2026-06-03.
GFPT2	ENSG00000131459	substrate_biosynthesis	substrate_support	no	yes	not_cdg_gene		no_curated_cdg_mendelian_seed_evidence		low	0	0	no_plp_variants_found	51	5	no	yes	yes	yes	yes	gwas_trait_evidence_present	complex_or_context_dependent_trait	first_pass_genereviews_only	cdg_clinvar_plus_gwas_catalog_v0.1_2026-06-03	GeneReviews CDG N-linked and multiple-pathway overview	https://www.ncbi.nlm.nih.gov/books/NBK1332/	2026-06-03	Not listed in first-pass GeneReviews CDG seed curation; ClinVar and GWAS evidence not assessed in this version. ClinVar P/LP layer: 0 unique GRCh38 germline P/LP VariationID(s), accessed 2026-06-03. GWAS Catalog layer: 51 association(s), 26 mapped trait(s), categories cancer;immune_inflammation;infection;metabolism;tissue_identity, accessed 2026-06-03.
GNPNAT1	ENSG00000100522	substrate_biosynthesis	substrate_support	no	yes	not_cdg_gene		no_curated_cdg_mendelian_seed_evidence		low	1	1	plp_variants_present	21	3	no	no	no	yes	yes	gwas_trait_evidence_present	severe_mendelian_core	first_pass_genereviews_only	cdg_clinvar_plus_gwas_catalog_v0.1_2026-06-03	GeneReviews CDG N-linked and multiple-pathway overview	https://www.ncbi.nlm.nih.gov/books/NBK1332/	2026-06-03	Not listed in first-pass GeneReviews CDG seed curation; ClinVar and GWAS evidence not assessed in this version. ClinVar P/LP layer: 1 unique GRCh38 germline P/LP VariationID(s), accessed 2026-06-03. GWAS Catalog layer: 21 association(s), 19 mapped trait(s), categories cancer;metabolism;tissue_identity, accessed 2026-06-03.
NAGK	ENSG00000124357	substrate_biosynthesis	substrate_support	no	yes	not_cdg_gene		no_curated_cdg_mendelian_seed_evidence		low	0	0	no_plp_variants_found	24	3	no	yes	no	no	yes	gwas_trait_evidence_present	complex_or_context_dependent_trait	first_pass_genereviews_only	cdg_clinvar_plus_gwas_catalog_v0.1_2026-06-03	GeneReviews CDG N-linked and multiple-pathway overview	https://www.ncbi.nlm.nih.gov/books/NBK1332/	2026-06-03	Not listed in first-pass GeneReviews CDG seed curation; ClinVar and GWAS evidence not assessed in this version. ClinVar P/LP layer: 0 unique GRCh38 germline P/LP VariationID(s), accessed 2026-06-03. GWAS Catalog layer: 24 association(s), 12 mapped trait(s), categories immune_inflammation;metabolism;tissue_identity, accessed 2026-06-03.
GNE	ENSG00000159921	substrate_biosynthesis	substrate_support	no	yes	not_cdg_gene		no_curated_cdg_mendelian_seed_evidence		low	184	18	plp_variants_present	8	3	no	yes	yes	no	no	gwas_trait_evidence_present	severe_mendelian_core	first_pass_genereviews_only	cdg_clinvar_plus_gwas_catalog_v0.1_2026-06-03	GeneReviews CDG N-linked and multiple-pathway overview	https://www.ncbi.nlm.nih.gov/books/NBK1332/	2026-06-03	Not listed in first-pass GeneReviews CDG seed curation; ClinVar and GWAS evidence not assessed in this version. ClinVar P/LP layer: 184 unique GRCh38 germline P/LP VariationID(s), accessed 2026-06-03. GWAS Catalog layer: 8 association(s), 12 mapped trait(s), categories immune_inflammation;infection;metabolism, accessed 2026-06-03.
NANS	ENSG00000095380	substrate_biosynthesis	substrate_support	no	yes	not_cdg_gene		no_curated_cdg_mendelian_seed_evidence		low	17	1	plp_variants_present	10	1	no	no	no	no	no	gwas_trait_evidence_present	severe_mendelian_core	first_pass_genereviews_only	cdg_clinvar_plus_gwas_catalog_v0.1_2026-06-03	GeneReviews CDG N-linked and multiple-pathway overview	https://www.ncbi.nlm.nih.gov/books/NBK1332/	2026-06-03	Not listed in first-pass GeneReviews CDG seed curation; ClinVar and GWAS evidence not assessed in this version. ClinVar P/LP layer: 17 unique GRCh38 germline P/LP VariationID(s), accessed 2026-06-03. GWAS Catalog layer: 10 association(s), 8 mapped trait(s), categories metabolism, accessed 2026-06-03.
NANP	ENSG00000170191	substrate_biosynthesis	substrate_support	no	yes	not_cdg_gene		no_curated_cdg_mendelian_seed_evidence		low	0	0	no_plp_variants_found	5	3	no	no	no	yes	yes	gwas_trait_evidence_present	complex_or_context_dependent_trait	first_pass_genereviews_only	cdg_clinvar_plus_gwas_catalog_v0.1_2026-06-03	GeneReviews CDG N-linked and multiple-pathway overview	https://www.ncbi.nlm.nih.gov/books/NBK1332/	2026-06-03	Not listed in first-pass GeneReviews CDG seed curation; ClinVar and GWAS evidence not assessed in this version. ClinVar P/LP layer: 0 unique GRCh38 germline P/LP VariationID(s), accessed 2026-06-03. GWAS Catalog layer: 5 association(s), 7 mapped trait(s), categories cancer;metabolism;tissue_identity, accessed 2026-06-03.
CMAS	ENSG00000111726	substrate_biosynthesis	substrate_support	no	yes	not_cdg_gene		no_curated_cdg_mendelian_seed_evidence		low	0	0	no_plp_variants_found	11	4	no	yes	yes	no	yes	gwas_trait_evidence_present	complex_or_context_dependent_trait	first_pass_genereviews_only	cdg_clinvar_plus_gwas_catalog_v0.1_2026-06-03	GeneReviews CDG N-linked and multiple-pathway overview	https://www.ncbi.nlm.nih.gov/books/NBK1332/	2026-06-03	Not listed in first-pass GeneReviews CDG seed curation; ClinVar and GWAS evidence not assessed in this version. ClinVar P/LP layer: 0 unique GRCh38 germline P/LP VariationID(s), accessed 2026-06-03. GWAS Catalog layer: 11 association(s), 11 mapped trait(s), categories immune_inflammation;infection;metabolism;tissue_identity, accessed 2026-06-03.
SLC35A1	ENSG00000164414	substrate_biosynthesis	substrate_support	no	yes	overlapping_or_multiple_pathway_cdg_gene	SLC35A1-CDG (CDG-IIf)	curated_cdg_mendelian_evidence	AR	high	4	1	plp_variants_present	5	1	no	no	no	no	no	gwas_trait_evidence_present	mixed_mendelian_and_complex	high	cdg_clinvar_plus_gwas_catalog_v0.1_2026-06-03	GeneReviews CDG N-linked and multiple-pathway overview	https://www.ncbi.nlm.nih.gov/books/NBK1332/	2026-06-03	overlapping or multiple pathway cdg gene; subtype SLC35A1-CDG (CDG-IIf); mode AR; source GeneReviews CDG N-linked and multiple-pathway overview, accessed 2026-06-03; ClinVar and GWAS evidence not assessed in this version. ClinVar P/LP layer: 4 unique GRCh38 germline P/LP VariationID(s), accessed 2026-06-03. GWAS Catalog layer: 5 association(s), 5 mapped trait(s), categories metabolism, accessed 2026-06-03.
GMDS	ENSG00000112699	substrate_biosynthesis	substrate_support	no	yes	not_cdg_gene		no_curated_cdg_mendelian_seed_evidence		low	1	1	plp_variants_present	381	6	yes	yes	yes	yes	yes	gwas_trait_evidence_present	severe_mendelian_core	first_pass_genereviews_only	cdg_clinvar_plus_gwas_catalog_v0.1_2026-06-03	GeneReviews CDG N-linked and multiple-pathway overview	https://www.ncbi.nlm.nih.gov/books/NBK1332/	2026-06-03	Not listed in first-pass GeneReviews CDG seed curation; ClinVar and GWAS evidence not assessed in this version. ClinVar P/LP layer: 1 unique GRCh38 germline P/LP VariationID(s), accessed 2026-06-03. GWAS Catalog layer: 381 association(s), 155 mapped trait(s), categories cancer;glycome;immune_inflammation;infection;metabolism;tissue_identity, accessed 2026-06-03.
FPGT	ENSG00000254685	substrate_biosynthesis	substrate_support	no	yes	not_cdg_gene		no_curated_cdg_mendelian_seed_evidence		low	0	0	no_plp_variants_found	121	3	no	yes	no	yes	no	gwas_trait_evidence_present	complex_or_context_dependent_trait	first_pass_genereviews_only	cdg_clinvar_plus_gwas_catalog_v0.1_2026-06-03	GeneReviews CDG N-linked and multiple-pathway overview	https://www.ncbi.nlm.nih.gov/books/NBK1332/	2026-06-03	Not listed in first-pass GeneReviews CDG seed curation; ClinVar and GWAS evidence not assessed in this version. ClinVar P/LP layer: 0 unique GRCh38 germline P/LP VariationID(s), accessed 2026-06-03. GWAS Catalog layer: 121 association(s), 53 mapped trait(s), categories cancer;immune_inflammation;metabolism, accessed 2026-06-03.
FCSK	ENSG00000157353	substrate_biosynthesis	substrate_support	no	yes	not_cdg_gene		no_curated_cdg_mendelian_seed_evidence		low	7	1	plp_variants_present	19	4	yes	no	no	yes	yes	gwas_trait_evidence_present	severe_mendelian_core	first_pass_genereviews_only	cdg_clinvar_plus_gwas_catalog_v0.1_2026-06-03	GeneReviews CDG N-linked and multiple-pathway overview	https://www.ncbi.nlm.nih.gov/books/NBK1332/	2026-06-03	Not listed in first-pass GeneReviews CDG seed curation; ClinVar and GWAS evidence not assessed in this version. ClinVar P/LP layer: 7 unique GRCh38 germline P/LP VariationID(s), accessed 2026-06-03. GWAS Catalog layer: 19 association(s), 17 mapped trait(s), categories cancer;glycome;metabolism;tissue_identity, accessed 2026-06-03.
SLC35C1	ENSG00000181830	substrate_biosynthesis	substrate_support	no	yes	known_cdg_gene	SLC35C1-CDG (CDG-IIc)	curated_cdg_mendelian_evidence	AR	high	10	1	plp_variants_present	19	2	no	no	no	no	yes	gwas_trait_evidence_present	mixed_mendelian_and_complex	high	cdg_clinvar_plus_gwas_catalog_v0.1_2026-06-03	GeneReviews CDG N-linked and multiple-pathway overview	https://www.ncbi.nlm.nih.gov/books/NBK1332/	2026-06-03	known cdg gene; subtype SLC35C1-CDG (CDG-IIc); mode AR; source GeneReviews CDG N-linked and multiple-pathway overview, accessed 2026-06-03; ClinVar and GWAS evidence not assessed in this version. ClinVar P/LP layer: 10 unique GRCh38 germline P/LP VariationID(s), accessed 2026-06-03. GWAS Catalog layer: 19 association(s), 11 mapped trait(s), categories metabolism;tissue_identity, accessed 2026-06-03.
DPAGT1	ENSG00000172269	llo_assembly	upstream_core	yes	yes	known_cdg_gene	DPAGT1-CDG (CDG-Ij)	curated_cdg_mendelian_evidence	AR	high	38	9	plp_variants_present	27	3	no	yes	no	no	yes	gwas_trait_evidence_present	mixed_mendelian_and_complex	high	cdg_clinvar_plus_gwas_catalog_v0.1_2026-06-03	GeneReviews CDG N-linked and multiple-pathway overview	https://www.ncbi.nlm.nih.gov/books/NBK1332/	2026-06-03	known cdg gene; subtype DPAGT1-CDG (CDG-Ij); mode AR; source GeneReviews CDG N-linked and multiple-pathway overview, accessed 2026-06-03; ClinVar and GWAS evidence not assessed in this version. ClinVar P/LP layer: 38 unique GRCh38 germline P/LP VariationID(s), accessed 2026-06-03. GWAS Catalog layer: 27 association(s), 16 mapped trait(s), categories immune_inflammation;metabolism;tissue_identity, accessed 2026-06-03.
ALG13	ENSG00000101901	llo_assembly	upstream_core	yes	yes	known_cdg_gene	ALG13-CDG	curated_cdg_mendelian_evidence	XL	high	11	11	plp_variants_present	5	2	no	yes	no	no	yes	gwas_trait_evidence_present	mixed_mendelian_and_complex	high	cdg_clinvar_plus_gwas_catalog_v0.1_2026-06-03	GeneReviews CDG N-linked and multiple-pathway overview	https://www.ncbi.nlm.nih.gov/books/NBK1332/	2026-06-03	known cdg gene; subtype ALG13-CDG; mode XL; source GeneReviews CDG N-linked and multiple-pathway overview, accessed 2026-06-03; ClinVar and GWAS evidence not assessed in this version. ClinVar P/LP layer: 11 unique GRCh38 germline P/LP VariationID(s), accessed 2026-06-03. GWAS Catalog layer: 5 association(s), 5 mapped trait(s), categories immune_inflammation;tissue_identity, accessed 2026-06-03.
ALG14	ENSG00000172339	llo_assembly	upstream_core	yes	yes	not_cdg_gene		no_curated_cdg_mendelian_seed_evidence		low	1	1	plp_variants_present	27	3	no	yes	yes	no	no	gwas_trait_evidence_present	severe_mendelian_core	first_pass_genereviews_only	cdg_clinvar_plus_gwas_catalog_v0.1_2026-06-03	GeneReviews CDG N-linked and multiple-pathway overview	https://www.ncbi.nlm.nih.gov/books/NBK1332/	2026-06-03	Not listed in first-pass GeneReviews CDG seed curation; ClinVar and GWAS evidence not assessed in this version. ClinVar P/LP layer: 1 unique GRCh38 germline P/LP VariationID(s), accessed 2026-06-03. GWAS Catalog layer: 27 association(s), 18 mapped trait(s), categories immune_inflammation;infection;metabolism, accessed 2026-06-03.
ALG1	ENSG00000033011	llo_assembly	upstream_core	yes	yes	known_cdg_gene	ALG1-CDG (CDG-Ik)	curated_cdg_mendelian_evidence	AR	high	113	9	plp_variants_present	14	3	no	no	no	yes	yes	gwas_trait_evidence_present	mixed_mendelian_and_complex	high	cdg_clinvar_plus_gwas_catalog_v0.1_2026-06-03	GeneReviews CDG N-linked and multiple-pathway overview	https://www.ncbi.nlm.nih.gov/books/NBK1332/	2026-06-03	known cdg gene; subtype ALG1-CDG (CDG-Ik); mode AR; source GeneReviews CDG N-linked and multiple-pathway overview, accessed 2026-06-03; ClinVar and GWAS evidence not assessed in this version. ClinVar P/LP layer: 113 unique GRCh38 germline P/LP VariationID(s), accessed 2026-06-03. GWAS Catalog layer: 14 association(s), 10 mapped trait(s), categories cancer;metabolism;tissue_identity, accessed 2026-06-03.
ALG2	ENSG00000119523	llo_assembly	upstream_core	yes	yes	known_cdg_gene	ALG2-CDG (CDG-Ii)	curated_cdg_mendelian_evidence	AR	high	11	3	plp_variants_present	4	2	no	yes	yes	no	no	gwas_trait_evidence_present	mixed_mendelian_and_complex	high	cdg_clinvar_plus_gwas_catalog_v0.1_2026-06-03	GeneReviews CDG N-linked and multiple-pathway overview	https://www.ncbi.nlm.nih.gov/books/NBK1332/	2026-06-03	known cdg gene; subtype ALG2-CDG (CDG-Ii); mode AR; source GeneReviews CDG N-linked and multiple-pathway overview, accessed 2026-06-03; ClinVar and GWAS evidence not assessed in this version. ClinVar P/LP layer: 11 unique GRCh38 germline P/LP VariationID(s), accessed 2026-06-03. GWAS Catalog layer: 4 association(s), 4 mapped trait(s), categories immune_inflammation;infection, accessed 2026-06-03.
ALG11	ENSG00000253710	llo_assembly	upstream_core	yes	yes	known_cdg_gene	ALG11-CDG (CDG-Ip)	curated_cdg_mendelian_evidence	AR	high	16	2	plp_variants_present	3	1	no	yes	no	no	no	gwas_trait_evidence_present	mixed_mendelian_and_complex	high	cdg_clinvar_plus_gwas_catalog_v0.1_2026-06-03	GeneReviews CDG N-linked and multiple-pathway overview	https://www.ncbi.nlm.nih.gov/books/NBK1332/	2026-06-03	known cdg gene; subtype ALG11-CDG (CDG-Ip); mode AR; source GeneReviews CDG N-linked and multiple-pathway overview, accessed 2026-06-03; ClinVar and GWAS evidence not assessed in this version. ClinVar P/LP layer: 16 unique GRCh38 germline P/LP VariationID(s), accessed 2026-06-03. GWAS Catalog layer: 3 association(s), 3 mapped trait(s), categories immune_inflammation, accessed 2026-06-03.
RFT1	ENSG00000163933	llo_assembly	upstream_core	yes	yes	known_cdg_gene	RFT1-CDG (CDG-In)	curated_cdg_mendelian_evidence	AR	high	15	1	plp_variants_present	111	4	no	yes	no	yes	yes	gwas_trait_evidence_present	mixed_mendelian_and_complex	high	cdg_clinvar_plus_gwas_catalog_v0.1_2026-06-03	GeneReviews CDG N-linked and multiple-pathway overview	https://www.ncbi.nlm.nih.gov/books/NBK1332/	2026-06-03	known cdg gene; subtype RFT1-CDG (CDG-In); mode AR; source GeneReviews CDG N-linked and multiple-pathway overview, accessed 2026-06-03; ClinVar and GWAS evidence not assessed in this version. ClinVar P/LP layer: 15 unique GRCh38 germline P/LP VariationID(s), accessed 2026-06-03. GWAS Catalog layer: 111 association(s), 48 mapped trait(s), categories cancer;immune_inflammation;metabolism;tissue_identity, accessed 2026-06-03.
ALG3	ENSG00000214160	llo_assembly	upstream_core	yes	yes	known_cdg_gene	ALG3-CDG (CDG-Id)	curated_cdg_mendelian_evidence	AR	high	38	3	plp_variants_present	3	3	no	no	yes	yes	no	gwas_trait_evidence_present	mixed_mendelian_and_complex	high	cdg_clinvar_plus_gwas_catalog_v0.1_2026-06-03	GeneReviews CDG N-linked and multiple-pathway overview	https://www.ncbi.nlm.nih.gov/books/NBK1332/	2026-06-03	known cdg gene; subtype ALG3-CDG (CDG-Id); mode AR; source GeneReviews CDG N-linked and multiple-pathway overview, accessed 2026-06-03; ClinVar and GWAS evidence not assessed in this version. ClinVar P/LP layer: 38 unique GRCh38 germline P/LP VariationID(s), accessed 2026-06-03. GWAS Catalog layer: 3 association(s), 3 mapped trait(s), categories cancer;infection;metabolism, accessed 2026-06-03.
ALG9	ENSG00000086848	llo_assembly	upstream_core	yes	yes	known_cdg_gene	ALG9-CDG (CDG-IL)	curated_cdg_mendelian_evidence	AR	high	35	9	plp_variants_present	64	5	no	yes	yes	yes	yes	gwas_trait_evidence_present	mixed_mendelian_and_complex	high	cdg_clinvar_plus_gwas_catalog_v0.1_2026-06-03	GeneReviews CDG N-linked and multiple-pathway overview	https://www.ncbi.nlm.nih.gov/books/NBK1332/	2026-06-03	known cdg gene; subtype ALG9-CDG (CDG-IL); mode AR; source GeneReviews CDG N-linked and multiple-pathway overview, accessed 2026-06-03; ClinVar and GWAS evidence not assessed in this version. ClinVar P/LP layer: 35 unique GRCh38 germline P/LP VariationID(s), accessed 2026-06-03. GWAS Catalog layer: 64 association(s), 40 mapped trait(s), categories cancer;immune_inflammation;infection;metabolism;tissue_identity, accessed 2026-06-03.
ALG12	ENSG00000182858	llo_assembly	upstream_core	yes	yes	known_cdg_gene	ALG12-CDG (CDG-Ig)	curated_cdg_mendelian_evidence	AR	high	42	3	plp_variants_present	13	3	no	yes	no	yes	no	gwas_trait_evidence_present	mixed_mendelian_and_complex	high	cdg_clinvar_plus_gwas_catalog_v0.1_2026-06-03	GeneReviews CDG N-linked and multiple-pathway overview	https://www.ncbi.nlm.nih.gov/books/NBK1332/	2026-06-03	known cdg gene; subtype ALG12-CDG (CDG-Ig); mode AR; source GeneReviews CDG N-linked and multiple-pathway overview, accessed 2026-06-03; ClinVar and GWAS evidence not assessed in this version. ClinVar P/LP layer: 42 unique GRCh38 germline P/LP VariationID(s), accessed 2026-06-03. GWAS Catalog layer: 13 association(s), 10 mapped trait(s), categories cancer;immune_inflammation;metabolism, accessed 2026-06-03.
ALG6	ENSG00000088035	llo_assembly	upstream_core	yes	yes	known_cdg_gene	ALG6-CDG (CDG-Ic)	curated_cdg_mendelian_evidence	AR	high	115	8	plp_variants_present	5	1	no	no	no	no	no	gwas_trait_evidence_present	mixed_mendelian_and_complex	high	cdg_clinvar_plus_gwas_catalog_v0.1_2026-06-03	GeneReviews CDG N-linked and multiple-pathway overview	https://www.ncbi.nlm.nih.gov/books/NBK1332/	2026-06-03	known cdg gene; subtype ALG6-CDG (CDG-Ic); mode AR; source GeneReviews CDG N-linked and multiple-pathway overview, accessed 2026-06-03; ClinVar and GWAS evidence not assessed in this version. ClinVar P/LP layer: 115 unique GRCh38 germline P/LP VariationID(s), accessed 2026-06-03. GWAS Catalog layer: 5 association(s), 5 mapped trait(s), categories metabolism, accessed 2026-06-03.
ALG8	ENSG00000159063	llo_assembly	upstream_core	yes	yes	known_cdg_gene	ALG8-CDG (CDG-Ih)	curated_cdg_mendelian_evidence	AR	high	63	10	plp_variants_present	9	2	no	no	yes	no	no	gwas_trait_evidence_present	mixed_mendelian_and_complex	high	cdg_clinvar_plus_gwas_catalog_v0.1_2026-06-03	GeneReviews CDG N-linked and multiple-pathway overview	https://www.ncbi.nlm.nih.gov/books/NBK1332/	2026-06-03	known cdg gene; subtype ALG8-CDG (CDG-Ih); mode AR; source GeneReviews CDG N-linked and multiple-pathway overview, accessed 2026-06-03; ClinVar and GWAS evidence not assessed in this version. ClinVar P/LP layer: 63 unique GRCh38 germline P/LP VariationID(s), accessed 2026-06-03. GWAS Catalog layer: 9 association(s), 7 mapped trait(s), categories infection;metabolism, accessed 2026-06-03.
ALG10	ENSG00000139133	llo_assembly	upstream_core	yes	yes	not_cdg_gene		no_curated_cdg_mendelian_seed_evidence		low	2	2	plp_variants_present	26	2	no	yes	no	no	no	gwas_trait_evidence_present	severe_mendelian_core	first_pass_genereviews_only	cdg_clinvar_plus_gwas_catalog_v0.1_2026-06-03	GeneReviews CDG N-linked and multiple-pathway overview	https://www.ncbi.nlm.nih.gov/books/NBK1332/	2026-06-03	Not listed in first-pass GeneReviews CDG seed curation; ClinVar and GWAS evidence not assessed in this version. ClinVar P/LP layer: 2 unique GRCh38 germline P/LP VariationID(s), accessed 2026-06-03. GWAS Catalog layer: 26 association(s), 9 mapped trait(s), categories immune_inflammation;metabolism, accessed 2026-06-03.
ALG10B	ENSG00000175548	llo_assembly	upstream_core	yes	yes	not_cdg_gene		no_curated_cdg_mendelian_seed_evidence		low	0	0	no_plp_variants_found	38	2	no	no	no	no	yes	gwas_trait_evidence_present	complex_or_context_dependent_trait	first_pass_genereviews_only	cdg_clinvar_plus_gwas_catalog_v0.1_2026-06-03	GeneReviews CDG N-linked and multiple-pathway overview	https://www.ncbi.nlm.nih.gov/books/NBK1332/	2026-06-03	Not listed in first-pass GeneReviews CDG seed curation; ClinVar and GWAS evidence not assessed in this version. ClinVar P/LP layer: 0 unique GRCh38 germline P/LP VariationID(s), accessed 2026-06-03. GWAS Catalog layer: 38 association(s), 23 mapped trait(s), categories metabolism;tissue_identity, accessed 2026-06-03.
ALG5	ENSG00000120697	llo_assembly	upstream_core	yes	yes	not_cdg_gene		no_curated_cdg_mendelian_seed_evidence		low	8	2	plp_variants_present	1	0	no	no	no	no	no	gwas_trait_evidence_present	severe_mendelian_core	first_pass_genereviews_only	cdg_clinvar_plus_gwas_catalog_v0.1_2026-06-03	GeneReviews CDG N-linked and multiple-pathway overview	https://www.ncbi.nlm.nih.gov/books/NBK1332/	2026-06-03	Not listed in first-pass GeneReviews CDG seed curation; ClinVar and GWAS evidence not assessed in this version. ClinVar P/LP layer: 8 unique GRCh38 germline P/LP VariationID(s), accessed 2026-06-03. GWAS Catalog layer: 1 association(s), 1 mapped trait(s), categories none, accessed 2026-06-03.
STT3A	ENSG00000134910	ost_transfer	upstream_core	yes	yes	known_cdg_gene	STT3A-CDG	curated_cdg_mendelian_evidence	AR	high	6	2	plp_variants_present	11	3	no	yes	no	yes	yes	gwas_trait_evidence_present	mixed_mendelian_and_complex	high	cdg_clinvar_plus_gwas_catalog_v0.1_2026-06-03	GeneReviews CDG N-linked and multiple-pathway overview	https://www.ncbi.nlm.nih.gov/books/NBK1332/	2026-06-03	known cdg gene; subtype STT3A-CDG; mode AR; source GeneReviews CDG N-linked and multiple-pathway overview, accessed 2026-06-03; ClinVar and GWAS evidence not assessed in this version. ClinVar P/LP layer: 6 unique GRCh38 germline P/LP VariationID(s), accessed 2026-06-03. GWAS Catalog layer: 11 association(s), 15 mapped trait(s), categories cancer;immune_inflammation;tissue_identity, accessed 2026-06-03.
STT3B	ENSG00000163527	ost_transfer	upstream_core	yes	yes	known_cdg_gene	STT3B-CDG	curated_cdg_mendelian_evidence	AR	high	2	1	plp_variants_present	24	4	no	yes	yes	yes	no	gwas_trait_evidence_present	mixed_mendelian_and_complex	high	cdg_clinvar_plus_gwas_catalog_v0.1_2026-06-03	GeneReviews CDG N-linked and multiple-pathway overview	https://www.ncbi.nlm.nih.gov/books/NBK1332/	2026-06-03	known cdg gene; subtype STT3B-CDG; mode AR; source GeneReviews CDG N-linked and multiple-pathway overview, accessed 2026-06-03; ClinVar and GWAS evidence not assessed in this version. ClinVar P/LP layer: 2 unique GRCh38 germline P/LP VariationID(s), accessed 2026-06-03. GWAS Catalog layer: 24 association(s), 22 mapped trait(s), categories cancer;immune_inflammation;infection;metabolism, accessed 2026-06-03.
DDOST	ENSG00000244038	ost_transfer	upstream_core	yes	yes	known_cdg_gene	DDOST-CDG (CDG-Ir)	curated_cdg_mendelian_evidence	AR	high	3	1	plp_variants_present	5	2	no	no	no	no	yes	gwas_trait_evidence_present	mixed_mendelian_and_complex	high	cdg_clinvar_plus_gwas_catalog_v0.1_2026-06-03	GeneReviews CDG N-linked and multiple-pathway overview	https://www.ncbi.nlm.nih.gov/books/NBK1332/	2026-06-03	known cdg gene; subtype DDOST-CDG (CDG-Ir); mode AR; source GeneReviews CDG N-linked and multiple-pathway overview, accessed 2026-06-03; ClinVar and GWAS evidence not assessed in this version. ClinVar P/LP layer: 3 unique GRCh38 germline P/LP VariationID(s), accessed 2026-06-03. GWAS Catalog layer: 5 association(s), 6 mapped trait(s), categories metabolism;tissue_identity, accessed 2026-06-03.
DAD1	ENSG00000129562	ost_transfer	upstream_core	yes	yes	not_cdg_gene		no_curated_cdg_mendelian_seed_evidence		low	0	0	no_plp_variants_found	8	3	no	yes	no	no	yes	gwas_trait_evidence_present	complex_or_context_dependent_trait	first_pass_genereviews_only	cdg_clinvar_plus_gwas_catalog_v0.1_2026-06-03	GeneReviews CDG N-linked and multiple-pathway overview	https://www.ncbi.nlm.nih.gov/books/NBK1332/	2026-06-03	Not listed in first-pass GeneReviews CDG seed curation; ClinVar and GWAS evidence not assessed in this version. ClinVar P/LP layer: 0 unique GRCh38 germline P/LP VariationID(s), accessed 2026-06-03. GWAS Catalog layer: 8 association(s), 10 mapped trait(s), categories immune_inflammation;metabolism;tissue_identity, accessed 2026-06-03.
RPN1	ENSG00000163902	ost_transfer	upstream_core	yes	yes	not_cdg_gene		no_curated_cdg_mendelian_seed_evidence		low	0	0	no_plp_variants_found	368	6	yes	yes	yes	yes	yes	gwas_trait_evidence_present	complex_or_context_dependent_trait	first_pass_genereviews_only	cdg_clinvar_plus_gwas_catalog_v0.1_2026-06-03	GeneReviews CDG N-linked and multiple-pathway overview	https://www.ncbi.nlm.nih.gov/books/NBK1332/	2026-06-03	Not listed in first-pass GeneReviews CDG seed curation; ClinVar and GWAS evidence not assessed in this version. ClinVar P/LP layer: 0 unique GRCh38 germline P/LP VariationID(s), accessed 2026-06-03. GWAS Catalog layer: 368 association(s), 82 mapped trait(s), categories cancer;glycome;immune_inflammation;infection;metabolism;tissue_identity, accessed 2026-06-03.
RPN2	ENSG00000291973	ost_transfer	upstream_core	yes	yes	not_cdg_gene		no_curated_cdg_mendelian_seed_evidence		low	0	0	no_plp_variants_found	18	2	no	no	no	yes	no	gwas_trait_evidence_present	complex_or_context_dependent_trait	first_pass_genereviews_only	cdg_clinvar_plus_gwas_catalog_v0.1_2026-06-03	GeneReviews CDG N-linked and multiple-pathway overview	https://www.ncbi.nlm.nih.gov/books/NBK1332/	2026-06-03	Not listed in first-pass GeneReviews CDG seed curation; ClinVar and GWAS evidence not assessed in this version. ClinVar P/LP layer: 0 unique GRCh38 germline P/LP VariationID(s), accessed 2026-06-03. GWAS Catalog layer: 18 association(s), 8 mapped trait(s), categories cancer;metabolism, accessed 2026-06-03.
OST4	ENSG00000228474	ost_transfer	upstream_core	yes	yes	not_cdg_gene		no_curated_cdg_mendelian_seed_evidence		low	0	0	no_plp_variants_found	10	3	no	yes	no	no	yes	gwas_trait_evidence_present	complex_or_context_dependent_trait	first_pass_genereviews_only	cdg_clinvar_plus_gwas_catalog_v0.1_2026-06-03	GeneReviews CDG N-linked and multiple-pathway overview	https://www.ncbi.nlm.nih.gov/books/NBK1332/	2026-06-03	Not listed in first-pass GeneReviews CDG seed curation; ClinVar and GWAS evidence not assessed in this version. ClinVar P/LP layer: 0 unique GRCh38 germline P/LP VariationID(s), accessed 2026-06-03. GWAS Catalog layer: 10 association(s), 7 mapped trait(s), categories immune_inflammation;metabolism;tissue_identity, accessed 2026-06-03.
OSTC	ENSG00000198856	ost_transfer	upstream_core	yes	yes	not_cdg_gene		no_curated_cdg_mendelian_seed_evidence		low	0	0	no_plp_variants_found	6	2	no	no	no	yes	no	gwas_trait_evidence_present	complex_or_context_dependent_trait	first_pass_genereviews_only	cdg_clinvar_plus_gwas_catalog_v0.1_2026-06-03	GeneReviews CDG N-linked and multiple-pathway overview	https://www.ncbi.nlm.nih.gov/books/NBK1332/	2026-06-03	Not listed in first-pass GeneReviews CDG seed curation; ClinVar and GWAS evidence not assessed in this version. ClinVar P/LP layer: 0 unique GRCh38 germline P/LP VariationID(s), accessed 2026-06-03. GWAS Catalog layer: 6 association(s), 7 mapped trait(s), categories cancer;metabolism, accessed 2026-06-03.
TMEM258	ENSG00000134825	ost_transfer	upstream_core	yes	yes	not_cdg_gene		no_curated_cdg_mendelian_seed_evidence		low	0	0	no_plp_variants_found	3599	5	no	yes	yes	yes	yes	gwas_trait_evidence_present	complex_or_context_dependent_trait	first_pass_genereviews_only	cdg_clinvar_plus_gwas_catalog_v0.1_2026-06-03	GeneReviews CDG N-linked and multiple-pathway overview	https://www.ncbi.nlm.nih.gov/books/NBK1332/	2026-06-03	Not listed in first-pass GeneReviews CDG seed curation; ClinVar and GWAS evidence not assessed in this version. ClinVar P/LP layer: 0 unique GRCh38 germline P/LP VariationID(s), accessed 2026-06-03. GWAS Catalog layer: 3599 association(s), 449 mapped trait(s), categories cancer;immune_inflammation;infection;metabolism;tissue_identity, accessed 2026-06-03.
MAGT1	ENSG00000102158	ost_transfer	upstream_core	yes	yes	known_cdg_gene	MAGT1-CDG	curated_cdg_mendelian_evidence	XL	moderate	40	4	plp_variants_present	2	0	no	no	no	no	no	gwas_trait_evidence_present	mixed_mendelian_and_complex	high	cdg_clinvar_plus_gwas_catalog_v0.1_2026-06-03	GeneReviews CDG N-linked and multiple-pathway overview	https://www.ncbi.nlm.nih.gov/books/NBK1332/	2026-06-03	known cdg gene; subtype MAGT1-CDG; mode XL; source GeneReviews CDG N-linked and multiple-pathway overview, accessed 2026-06-03; ClinVar and GWAS evidence not assessed in this version. ClinVar P/LP layer: 40 unique GRCh38 germline P/LP VariationID(s), accessed 2026-06-03. GWAS Catalog layer: 2 association(s), 3 mapped trait(s), categories none, accessed 2026-06-03.
TUSC3	ENSG00000104723	ost_transfer	upstream_core	yes	yes	known_cdg_gene	TUSC3-CDG	curated_cdg_mendelian_evidence	AR	moderate	21	5	plp_variants_present	71	5	no	yes	yes	yes	yes	gwas_trait_evidence_present	mixed_mendelian_and_complex	high	cdg_clinvar_plus_gwas_catalog_v0.1_2026-06-03	GeneReviews CDG N-linked and multiple-pathway overview	https://www.ncbi.nlm.nih.gov/books/NBK1332/	2026-06-03	known cdg gene; subtype TUSC3-CDG; mode AR; source GeneReviews CDG N-linked and multiple-pathway overview, accessed 2026-06-03; ClinVar and GWAS evidence not assessed in this version. ClinVar P/LP layer: 21 unique GRCh38 germline P/LP VariationID(s), accessed 2026-06-03. GWAS Catalog layer: 71 association(s), 52 mapped trait(s), categories cancer;immune_inflammation;infection;metabolism;tissue_identity, accessed 2026-06-03.
MOGS	ENSG00000115275	er_quality_control	checkpoint_layer	yes	yes	known_cdg_gene	MOGS-CDG (CDG-IIb)	curated_cdg_mendelian_evidence	AR	high	38	2	plp_variants_present	0	0	no	no	no	no	no	no_gwas_trait_evidence_found	checkpoint_or_quality_control_disease	high	cdg_clinvar_plus_gwas_catalog_v0.1_2026-06-03	GeneReviews CDG N-linked and multiple-pathway overview	https://www.ncbi.nlm.nih.gov/books/NBK1332/	2026-06-03	known cdg gene; subtype MOGS-CDG (CDG-IIb); mode AR; source GeneReviews CDG N-linked and multiple-pathway overview, accessed 2026-06-03; ClinVar and GWAS evidence not assessed in this version. ClinVar P/LP layer: 38 unique GRCh38 germline P/LP VariationID(s), accessed 2026-06-03. GWAS Catalog layer: 0 association(s), 0 mapped trait(s), categories none, accessed 2026-06-03.
GANAB	ENSG00000089597	er_quality_control	checkpoint_layer	yes	yes	not_cdg_gene		no_curated_cdg_mendelian_seed_evidence		low	56	7	plp_variants_present	28	2	no	no	no	yes	yes	gwas_trait_evidence_present	checkpoint_or_quality_control_disease	first_pass_genereviews_only	cdg_clinvar_plus_gwas_catalog_v0.1_2026-06-03	GeneReviews CDG N-linked and multiple-pathway overview	https://www.ncbi.nlm.nih.gov/books/NBK1332/	2026-06-03	Not listed in first-pass GeneReviews CDG seed curation; ClinVar and GWAS evidence not assessed in this version. ClinVar P/LP layer: 56 unique GRCh38 germline P/LP VariationID(s), accessed 2026-06-03. GWAS Catalog layer: 28 association(s), 18 mapped trait(s), categories cancer;tissue_identity, accessed 2026-06-03.
PRKCSH	ENSG00000130175	er_quality_control	checkpoint_layer	yes	yes	not_cdg_gene		no_curated_cdg_mendelian_seed_evidence		low	43	4	plp_variants_present	6	2	no	yes	no	no	no	gwas_trait_evidence_present	checkpoint_or_quality_control_disease	first_pass_genereviews_only	cdg_clinvar_plus_gwas_catalog_v0.1_2026-06-03	GeneReviews CDG N-linked and multiple-pathway overview	https://www.ncbi.nlm.nih.gov/books/NBK1332/	2026-06-03	Not listed in first-pass GeneReviews CDG seed curation; ClinVar and GWAS evidence not assessed in this version. ClinVar P/LP layer: 43 unique GRCh38 germline P/LP VariationID(s), accessed 2026-06-03. GWAS Catalog layer: 6 association(s), 4 mapped trait(s), categories immune_inflammation;metabolism, accessed 2026-06-03.
UGGT1	ENSG00000136731	er_quality_control	checkpoint_layer	yes	yes	not_cdg_gene		no_curated_cdg_mendelian_seed_evidence		low	10	2	plp_variants_present	18	3	no	no	yes	yes	no	gwas_trait_evidence_present	checkpoint_or_quality_control_disease	first_pass_genereviews_only	cdg_clinvar_plus_gwas_catalog_v0.1_2026-06-03	GeneReviews CDG N-linked and multiple-pathway overview	https://www.ncbi.nlm.nih.gov/books/NBK1332/	2026-06-03	Not listed in first-pass GeneReviews CDG seed curation; ClinVar and GWAS evidence not assessed in this version. ClinVar P/LP layer: 10 unique GRCh38 germline P/LP VariationID(s), accessed 2026-06-03. GWAS Catalog layer: 18 association(s), 13 mapped trait(s), categories cancer;infection;metabolism, accessed 2026-06-03.
UGGT2	ENSG00000102595	er_quality_control	checkpoint_layer	yes	yes	not_cdg_gene		no_curated_cdg_mendelian_seed_evidence		low	0	0	no_plp_variants_found	33	4	no	yes	yes	no	yes	gwas_trait_evidence_present	complex_or_context_dependent_trait	first_pass_genereviews_only	cdg_clinvar_plus_gwas_catalog_v0.1_2026-06-03	GeneReviews CDG N-linked and multiple-pathway overview	https://www.ncbi.nlm.nih.gov/books/NBK1332/	2026-06-03	Not listed in first-pass GeneReviews CDG seed curation; ClinVar and GWAS evidence not assessed in this version. ClinVar P/LP layer: 0 unique GRCh38 germline P/LP VariationID(s), accessed 2026-06-03. GWAS Catalog layer: 33 association(s), 21 mapped trait(s), categories immune_inflammation;infection;metabolism;tissue_identity, accessed 2026-06-03.
CANX	ENSG00000283777	er_quality_control	checkpoint_layer	yes	yes	not_cdg_gene		no_curated_cdg_mendelian_seed_evidence		low	0	0	no_plp_variants_found	29	2	no	yes	no	no	yes	gwas_trait_evidence_present	complex_or_context_dependent_trait	first_pass_genereviews_only	cdg_clinvar_plus_gwas_catalog_v0.1_2026-06-03	GeneReviews CDG N-linked and multiple-pathway overview	https://www.ncbi.nlm.nih.gov/books/NBK1332/	2026-06-03	Not listed in first-pass GeneReviews CDG seed curation; ClinVar and GWAS evidence not assessed in this version. ClinVar P/LP layer: 0 unique GRCh38 germline P/LP VariationID(s), accessed 2026-06-03. GWAS Catalog layer: 29 association(s), 15 mapped trait(s), categories immune_inflammation;tissue_identity, accessed 2026-06-03.
CALR	ENSG00000179218	er_quality_control	checkpoint_layer	yes	yes	not_cdg_gene		no_curated_cdg_mendelian_seed_evidence		low	0	0	no_plp_variants_found	17	2	no	no	no	no	yes	gwas_trait_evidence_present	complex_or_context_dependent_trait	first_pass_genereviews_only	cdg_clinvar_plus_gwas_catalog_v0.1_2026-06-03	GeneReviews CDG N-linked and multiple-pathway overview	https://www.ncbi.nlm.nih.gov/books/NBK1332/	2026-06-03	Not listed in first-pass GeneReviews CDG seed curation; ClinVar and GWAS evidence not assessed in this version. ClinVar P/LP layer: 0 unique GRCh38 germline P/LP VariationID(s), accessed 2026-06-03. GWAS Catalog layer: 17 association(s), 14 mapped trait(s), categories metabolism;tissue_identity, accessed 2026-06-03.
PDIA3	ENSG00000167004	er_quality_control	checkpoint_layer	yes	yes	not_cdg_gene		no_curated_cdg_mendelian_seed_evidence		low	0	0	no_plp_variants_found	15	3	no	no	no	yes	yes	gwas_trait_evidence_present	complex_or_context_dependent_trait	first_pass_genereviews_only	cdg_clinvar_plus_gwas_catalog_v0.1_2026-06-03	GeneReviews CDG N-linked and multiple-pathway overview	https://www.ncbi.nlm.nih.gov/books/NBK1332/	2026-06-03	Not listed in first-pass GeneReviews CDG seed curation; ClinVar and GWAS evidence not assessed in this version. ClinVar P/LP layer: 0 unique GRCh38 germline P/LP VariationID(s), accessed 2026-06-03. GWAS Catalog layer: 15 association(s), 15 mapped trait(s), categories cancer;metabolism;tissue_identity, accessed 2026-06-03.
MAN1B1	ENSG00000177239	er_quality_control	checkpoint_layer	yes	yes	overlapping_or_multiple_pathway_cdg_gene	MAN1B1-CDG	curated_cdg_mendelian_evidence	AR	moderate	48	5	plp_variants_present	12	2	no	no	no	no	yes	gwas_trait_evidence_present	mixed_mendelian_and_complex	high	cdg_clinvar_plus_gwas_catalog_v0.1_2026-06-03	GeneReviews CDG N-linked and multiple-pathway overview	https://www.ncbi.nlm.nih.gov/books/NBK1332/	2026-06-03	overlapping or multiple pathway cdg gene; subtype MAN1B1-CDG; mode AR; source GeneReviews CDG N-linked and multiple-pathway overview, accessed 2026-06-03; ClinVar and GWAS evidence not assessed in this version. ClinVar P/LP layer: 48 unique GRCh38 germline P/LP VariationID(s), accessed 2026-06-03. GWAS Catalog layer: 12 association(s), 9 mapped trait(s), categories metabolism;tissue_identity, accessed 2026-06-03.
EDEM1	ENSG00000134109	er_quality_control	checkpoint_layer	yes	yes	not_cdg_gene		no_curated_cdg_mendelian_seed_evidence		low	0	0	no_plp_variants_found	17	3	no	yes	no	no	yes	gwas_trait_evidence_present	complex_or_context_dependent_trait	first_pass_genereviews_only	cdg_clinvar_plus_gwas_catalog_v0.1_2026-06-03	GeneReviews CDG N-linked and multiple-pathway overview	https://www.ncbi.nlm.nih.gov/books/NBK1332/	2026-06-03	Not listed in first-pass GeneReviews CDG seed curation; ClinVar and GWAS evidence not assessed in this version. ClinVar P/LP layer: 0 unique GRCh38 germline P/LP VariationID(s), accessed 2026-06-03. GWAS Catalog layer: 17 association(s), 13 mapped trait(s), categories immune_inflammation;metabolism;tissue_identity, accessed 2026-06-03.
EDEM2	ENSG00000088298	er_quality_control	checkpoint_layer	yes	yes	not_cdg_gene		no_curated_cdg_mendelian_seed_evidence		low	0	0	no_plp_variants_found	125	4	no	yes	no	yes	yes	gwas_trait_evidence_present	complex_or_context_dependent_trait	first_pass_genereviews_only	cdg_clinvar_plus_gwas_catalog_v0.1_2026-06-03	GeneReviews CDG N-linked and multiple-pathway overview	https://www.ncbi.nlm.nih.gov/books/NBK1332/	2026-06-03	Not listed in first-pass GeneReviews CDG seed curation; ClinVar and GWAS evidence not assessed in this version. ClinVar P/LP layer: 0 unique GRCh38 germline P/LP VariationID(s), accessed 2026-06-03. GWAS Catalog layer: 125 association(s), 71 mapped trait(s), categories cancer;immune_inflammation;metabolism;tissue_identity, accessed 2026-06-03.
EDEM3	ENSG00000116406	er_quality_control	checkpoint_layer	yes	yes	not_cdg_gene		no_curated_cdg_mendelian_seed_evidence		low	16	2	plp_variants_present	115	5	yes	yes	no	yes	yes	gwas_trait_evidence_present	checkpoint_or_quality_control_disease	first_pass_genereviews_only	cdg_clinvar_plus_gwas_catalog_v0.1_2026-06-03	GeneReviews CDG N-linked and multiple-pathway overview	https://www.ncbi.nlm.nih.gov/books/NBK1332/	2026-06-03	Not listed in first-pass GeneReviews CDG seed curation; ClinVar and GWAS evidence not assessed in this version. ClinVar P/LP layer: 16 unique GRCh38 germline P/LP VariationID(s), accessed 2026-06-03. GWAS Catalog layer: 115 association(s), 64 mapped trait(s), categories cancer;glycome;immune_inflammation;metabolism;tissue_identity, accessed 2026-06-03.
MLEC	ENSG00000110917	er_quality_control	checkpoint_layer	yes	yes	not_cdg_gene		no_curated_cdg_mendelian_seed_evidence		low	0	0	no_plp_variants_found	27	4	no	yes	yes	no	yes	gwas_trait_evidence_present	complex_or_context_dependent_trait	first_pass_genereviews_only	cdg_clinvar_plus_gwas_catalog_v0.1_2026-06-03	GeneReviews CDG N-linked and multiple-pathway overview	https://www.ncbi.nlm.nih.gov/books/NBK1332/	2026-06-03	Not listed in first-pass GeneReviews CDG seed curation; ClinVar and GWAS evidence not assessed in this version. ClinVar P/LP layer: 0 unique GRCh38 germline P/LP VariationID(s), accessed 2026-06-03. GWAS Catalog layer: 27 association(s), 18 mapped trait(s), categories immune_inflammation;infection;metabolism;tissue_identity, accessed 2026-06-03.
NGLY1	ENSG00000151092	er_quality_control	checkpoint_layer	no	yes	not_cdg_gene		no_curated_cdg_mendelian_seed_evidence		low	129	11	plp_variants_present	0	0	no	no	no	no	no	no_gwas_trait_evidence_found	checkpoint_or_quality_control_disease	first_pass_genereviews_only	cdg_clinvar_plus_gwas_catalog_v0.1_2026-06-03	GeneReviews CDG N-linked and multiple-pathway overview	https://www.ncbi.nlm.nih.gov/books/NBK1332/	2026-06-03	Not listed in first-pass GeneReviews CDG seed curation; ClinVar and GWAS evidence not assessed in this version. ClinVar P/LP layer: 129 unique GRCh38 germline P/LP VariationID(s), accessed 2026-06-03. GWAS Catalog layer: 0 association(s), 0 mapped trait(s), categories none, accessed 2026-06-03.
ENGASE	ENSG00000167280	er_quality_control	checkpoint_layer	no	yes	not_cdg_gene		no_curated_cdg_mendelian_seed_evidence		low	0	0	no_plp_variants_found	7	2	no	no	no	no	yes	gwas_trait_evidence_present	complex_or_context_dependent_trait	first_pass_genereviews_only	cdg_clinvar_plus_gwas_catalog_v0.1_2026-06-03	GeneReviews CDG N-linked and multiple-pathway overview	https://www.ncbi.nlm.nih.gov/books/NBK1332/	2026-06-03	Not listed in first-pass GeneReviews CDG seed curation; ClinVar and GWAS evidence not assessed in this version. ClinVar P/LP layer: 0 unique GRCh38 germline P/LP VariationID(s), accessed 2026-06-03. GWAS Catalog layer: 7 association(s), 4 mapped trait(s), categories metabolism;tissue_identity, accessed 2026-06-03.
OS9	ENSG00000135506	er_quality_control	checkpoint_layer	no	yes	not_cdg_gene		no_curated_cdg_mendelian_seed_evidence		low	0	0	no_plp_variants_found	31	3	no	yes	no	no	yes	gwas_trait_evidence_present	complex_or_context_dependent_trait	first_pass_genereviews_only	cdg_clinvar_plus_gwas_catalog_v0.1_2026-06-03	GeneReviews CDG N-linked and multiple-pathway overview	https://www.ncbi.nlm.nih.gov/books/NBK1332/	2026-06-03	Not listed in first-pass GeneReviews CDG seed curation; ClinVar and GWAS evidence not assessed in this version. ClinVar P/LP layer: 0 unique GRCh38 germline P/LP VariationID(s), accessed 2026-06-03. GWAS Catalog layer: 31 association(s), 20 mapped trait(s), categories immune_inflammation;metabolism;tissue_identity, accessed 2026-06-03.
SEL1L	ENSG00000071537	er_quality_control	checkpoint_layer	no	yes	not_cdg_gene		no_curated_cdg_mendelian_seed_evidence		low	1	1	plp_variants_present	17	5	no	yes	yes	yes	yes	gwas_trait_evidence_present	checkpoint_or_quality_control_disease	first_pass_genereviews_only	cdg_clinvar_plus_gwas_catalog_v0.1_2026-06-03	GeneReviews CDG N-linked and multiple-pathway overview	https://www.ncbi.nlm.nih.gov/books/NBK1332/	2026-06-03	Not listed in first-pass GeneReviews CDG seed curation; ClinVar and GWAS evidence not assessed in this version. ClinVar P/LP layer: 1 unique GRCh38 germline P/LP VariationID(s), accessed 2026-06-03. GWAS Catalog layer: 17 association(s), 14 mapped trait(s), categories cancer;immune_inflammation;infection;metabolism;tissue_identity, accessed 2026-06-03.
MAN1A1	ENSG00000111885	golgi_core_processing	downstream_diversification	yes	yes	not_cdg_gene		no_curated_cdg_mendelian_seed_evidence		low	0	0	no_plp_variants_found	108	5	no	yes	yes	yes	yes	gwas_trait_evidence_present	complex_or_context_dependent_trait	first_pass_genereviews_only	cdg_clinvar_plus_gwas_catalog_v0.1_2026-06-03	GeneReviews CDG N-linked and multiple-pathway overview	https://www.ncbi.nlm.nih.gov/books/NBK1332/	2026-06-03	Not listed in first-pass GeneReviews CDG seed curation; ClinVar and GWAS evidence not assessed in this version. ClinVar P/LP layer: 0 unique GRCh38 germline P/LP VariationID(s), accessed 2026-06-03. GWAS Catalog layer: 108 association(s), 55 mapped trait(s), categories cancer;immune_inflammation;infection;metabolism;tissue_identity, accessed 2026-06-03.
MAN1A2	ENSG00000198162	golgi_core_processing	downstream_diversification	yes	yes	not_cdg_gene		no_curated_cdg_mendelian_seed_evidence		low	0	0	no_plp_variants_found	43	5	no	yes	yes	yes	yes	gwas_trait_evidence_present	complex_or_context_dependent_trait	first_pass_genereviews_only	cdg_clinvar_plus_gwas_catalog_v0.1_2026-06-03	GeneReviews CDG N-linked and multiple-pathway overview	https://www.ncbi.nlm.nih.gov/books/NBK1332/	2026-06-03	Not listed in first-pass GeneReviews CDG seed curation; ClinVar and GWAS evidence not assessed in this version. ClinVar P/LP layer: 0 unique GRCh38 germline P/LP VariationID(s), accessed 2026-06-03. GWAS Catalog layer: 43 association(s), 27 mapped trait(s), categories cancer;immune_inflammation;infection;metabolism;tissue_identity, accessed 2026-06-03.
MAN1C1	ENSG00000117643	golgi_core_processing	downstream_diversification	yes	yes	not_cdg_gene		no_curated_cdg_mendelian_seed_evidence		low	0	0	no_plp_variants_found	25	4	no	no	yes	yes	yes	gwas_trait_evidence_present	complex_or_context_dependent_trait	first_pass_genereviews_only	cdg_clinvar_plus_gwas_catalog_v0.1_2026-06-03	GeneReviews CDG N-linked and multiple-pathway overview	https://www.ncbi.nlm.nih.gov/books/NBK1332/	2026-06-03	Not listed in first-pass GeneReviews CDG seed curation; ClinVar and GWAS evidence not assessed in this version. ClinVar P/LP layer: 0 unique GRCh38 germline P/LP VariationID(s), accessed 2026-06-03. GWAS Catalog layer: 25 association(s), 19 mapped trait(s), categories cancer;infection;metabolism;tissue_identity, accessed 2026-06-03.
MGAT1	ENSG00000131446	golgi_core_processing	downstream_diversification	yes	yes	not_cdg_gene		no_curated_cdg_mendelian_seed_evidence		low	0	0	no_plp_variants_found	37	2	no	no	no	no	yes	gwas_trait_evidence_present	complex_or_context_dependent_trait	first_pass_genereviews_only	cdg_clinvar_plus_gwas_catalog_v0.1_2026-06-03	GeneReviews CDG N-linked and multiple-pathway overview	https://www.ncbi.nlm.nih.gov/books/NBK1332/	2026-06-03	Not listed in first-pass GeneReviews CDG seed curation; ClinVar and GWAS evidence not assessed in this version. ClinVar P/LP layer: 0 unique GRCh38 germline P/LP VariationID(s), accessed 2026-06-03. GWAS Catalog layer: 37 association(s), 22 mapped trait(s), categories metabolism;tissue_identity, accessed 2026-06-03.
MAN2A1	ENSG00000112893	golgi_core_processing	downstream_diversification	yes	yes	not_cdg_gene		no_curated_cdg_mendelian_seed_evidence		low	0	0	no_plp_variants_found	63	4	no	yes	yes	yes	no	gwas_trait_evidence_present	complex_or_context_dependent_trait	first_pass_genereviews_only	cdg_clinvar_plus_gwas_catalog_v0.1_2026-06-03	GeneReviews CDG N-linked and multiple-pathway overview	https://www.ncbi.nlm.nih.gov/books/NBK1332/	2026-06-03	Not listed in first-pass GeneReviews CDG seed curation; ClinVar and GWAS evidence not assessed in this version. ClinVar P/LP layer: 0 unique GRCh38 germline P/LP VariationID(s), accessed 2026-06-03. GWAS Catalog layer: 63 association(s), 34 mapped trait(s), categories cancer;immune_inflammation;infection;metabolism, accessed 2026-06-03.
MAN2A2	ENSG00000196547	golgi_core_processing	downstream_diversification	yes	yes	not_cdg_gene		no_curated_cdg_mendelian_seed_evidence		low	2	1	plp_variants_present	13	2	no	no	no	no	yes	gwas_trait_evidence_present	severe_mendelian_core	first_pass_genereviews_only	cdg_clinvar_plus_gwas_catalog_v0.1_2026-06-03	GeneReviews CDG N-linked and multiple-pathway overview	https://www.ncbi.nlm.nih.gov/books/NBK1332/	2026-06-03	Not listed in first-pass GeneReviews CDG seed curation; ClinVar and GWAS evidence not assessed in this version. ClinVar P/LP layer: 2 unique GRCh38 germline P/LP VariationID(s), accessed 2026-06-03. GWAS Catalog layer: 13 association(s), 13 mapped trait(s), categories metabolism;tissue_identity, accessed 2026-06-03.
MGAT2	ENSG00000168282	golgi_core_processing	downstream_diversification	yes	yes	known_cdg_gene	MGAT2-CDG (CDG-IIa)	curated_cdg_mendelian_evidence	AR	high	13	3	plp_variants_present	1	2	no	no	no	no	yes	gwas_trait_evidence_present	mixed_mendelian_and_complex	high	cdg_clinvar_plus_gwas_catalog_v0.1_2026-06-03	GeneReviews CDG N-linked and multiple-pathway overview	https://www.ncbi.nlm.nih.gov/books/NBK1332/	2026-06-03	known cdg gene; subtype MGAT2-CDG (CDG-IIa); mode AR; source GeneReviews CDG N-linked and multiple-pathway overview, accessed 2026-06-03; ClinVar and GWAS evidence not assessed in this version. ClinVar P/LP layer: 13 unique GRCh38 germline P/LP VariationID(s), accessed 2026-06-03. GWAS Catalog layer: 1 association(s), 1 mapped trait(s), categories metabolism;tissue_identity, accessed 2026-06-03.
MGAT3	ENSG00000128268	golgi_branching	downstream_diversification	yes	yes	not_cdg_gene		no_curated_cdg_mendelian_seed_evidence		low	0	0	no_plp_variants_found	159	5	yes	yes	no	yes	yes	gwas_trait_evidence_present	complex_or_context_dependent_trait	first_pass_genereviews_only	cdg_clinvar_plus_gwas_catalog_v0.1_2026-06-03	GeneReviews CDG N-linked and multiple-pathway overview	https://www.ncbi.nlm.nih.gov/books/NBK1332/	2026-06-03	Not listed in first-pass GeneReviews CDG seed curation; ClinVar and GWAS evidence not assessed in this version. ClinVar P/LP layer: 0 unique GRCh38 germline P/LP VariationID(s), accessed 2026-06-03. GWAS Catalog layer: 159 association(s), 64 mapped trait(s), categories cancer;glycome;immune_inflammation;metabolism;tissue_identity, accessed 2026-06-03.
MGAT4A	ENSG00000071073	golgi_branching	downstream_diversification	yes	yes	not_cdg_gene		no_curated_cdg_mendelian_seed_evidence		low	0	0	no_plp_variants_found	17	4	no	yes	no	yes	yes	gwas_trait_evidence_present	complex_or_context_dependent_trait	first_pass_genereviews_only	cdg_clinvar_plus_gwas_catalog_v0.1_2026-06-03	GeneReviews CDG N-linked and multiple-pathway overview	https://www.ncbi.nlm.nih.gov/books/NBK1332/	2026-06-03	Not listed in first-pass GeneReviews CDG seed curation; ClinVar and GWAS evidence not assessed in this version. ClinVar P/LP layer: 0 unique GRCh38 germline P/LP VariationID(s), accessed 2026-06-03. GWAS Catalog layer: 17 association(s), 17 mapped trait(s), categories cancer;immune_inflammation;metabolism;tissue_identity, accessed 2026-06-03.
MGAT4B	ENSG00000284501	golgi_branching	downstream_diversification	yes	yes	not_cdg_gene		no_curated_cdg_mendelian_seed_evidence		low	0	0	no_plp_variants_found	10	4	yes	yes	no	no	yes	gwas_trait_evidence_present	complex_or_context_dependent_trait	first_pass_genereviews_only	cdg_clinvar_plus_gwas_catalog_v0.1_2026-06-03	GeneReviews CDG N-linked and multiple-pathway overview	https://www.ncbi.nlm.nih.gov/books/NBK1332/	2026-06-03	Not listed in first-pass GeneReviews CDG seed curation; ClinVar and GWAS evidence not assessed in this version. ClinVar P/LP layer: 0 unique GRCh38 germline P/LP VariationID(s), accessed 2026-06-03. GWAS Catalog layer: 10 association(s), 8 mapped trait(s), categories glycome;immune_inflammation;metabolism;tissue_identity, accessed 2026-06-03.
MGAT4C	ENSG00000182050	golgi_branching	downstream_diversification	yes	yes	not_cdg_gene		no_curated_cdg_mendelian_seed_evidence		low	0	0	no_plp_variants_found	59	5	yes	yes	no	yes	yes	gwas_trait_evidence_present	complex_or_context_dependent_trait	first_pass_genereviews_only	cdg_clinvar_plus_gwas_catalog_v0.1_2026-06-03	GeneReviews CDG N-linked and multiple-pathway overview	https://www.ncbi.nlm.nih.gov/books/NBK1332/	2026-06-03	Not listed in first-pass GeneReviews CDG seed curation; ClinVar and GWAS evidence not assessed in this version. ClinVar P/LP layer: 0 unique GRCh38 germline P/LP VariationID(s), accessed 2026-06-03. GWAS Catalog layer: 59 association(s), 45 mapped trait(s), categories cancer;glycome;immune_inflammation;metabolism;tissue_identity, accessed 2026-06-03.
MGAT5	ENSG00000152127	golgi_branching	downstream_diversification	yes	yes	not_cdg_gene		no_curated_cdg_mendelian_seed_evidence		low	0	0	no_plp_variants_found	231	6	yes	yes	yes	yes	yes	gwas_trait_evidence_present	complex_or_context_dependent_trait	first_pass_genereviews_only	cdg_clinvar_plus_gwas_catalog_v0.1_2026-06-03	GeneReviews CDG N-linked and multiple-pathway overview	https://www.ncbi.nlm.nih.gov/books/NBK1332/	2026-06-03	Not listed in first-pass GeneReviews CDG seed curation; ClinVar and GWAS evidence not assessed in this version. ClinVar P/LP layer: 0 unique GRCh38 germline P/LP VariationID(s), accessed 2026-06-03. GWAS Catalog layer: 231 association(s), 139 mapped trait(s), categories cancer;glycome;immune_inflammation;infection;metabolism;tissue_identity, accessed 2026-06-03.
FUT8	ENSG00000033170	terminal_modification	downstream_diversification	yes	yes	not_cdg_gene		no_curated_cdg_mendelian_seed_evidence		low	7	4	plp_variants_present	213	6	yes	yes	yes	yes	yes	gwas_trait_evidence_present	severe_mendelian_core	first_pass_genereviews_only	cdg_clinvar_plus_gwas_catalog_v0.1_2026-06-03	GeneReviews CDG N-linked and multiple-pathway overview	https://www.ncbi.nlm.nih.gov/books/NBK1332/	2026-06-03	Not listed in first-pass GeneReviews CDG seed curation; ClinVar and GWAS evidence not assessed in this version. ClinVar P/LP layer: 7 unique GRCh38 germline P/LP VariationID(s), accessed 2026-06-03. GWAS Catalog layer: 213 association(s), 70 mapped trait(s), categories cancer;glycome;immune_inflammation;infection;metabolism;tissue_identity, accessed 2026-06-03.
FUT3	ENSG00000171124	terminal_modification	downstream_diversification	yes	yes	not_cdg_gene		no_curated_cdg_mendelian_seed_evidence		low	0	0	no_plp_variants_found	176	5	yes	yes	no	yes	yes	gwas_trait_evidence_present	complex_or_context_dependent_trait	first_pass_genereviews_only	cdg_clinvar_plus_gwas_catalog_v0.1_2026-06-03	GeneReviews CDG N-linked and multiple-pathway overview	https://www.ncbi.nlm.nih.gov/books/NBK1332/	2026-06-03	Not listed in first-pass GeneReviews CDG seed curation; ClinVar and GWAS evidence not assessed in this version. ClinVar P/LP layer: 0 unique GRCh38 germline P/LP VariationID(s), accessed 2026-06-03. GWAS Catalog layer: 176 association(s), 76 mapped trait(s), categories cancer;glycome;immune_inflammation;metabolism;tissue_identity, accessed 2026-06-03.
B4GALT1	ENSG00000086062	terminal_modification	downstream_diversification	yes	yes	known_cdg_gene	B4GALT1-CDG (CDG-IId)	curated_cdg_mendelian_evidence	AR	moderate	3	2	plp_variants_present	216	6	yes	yes	yes	yes	yes	gwas_trait_evidence_present	mixed_mendelian_and_complex	high	cdg_clinvar_plus_gwas_catalog_v0.1_2026-06-03	GeneReviews CDG N-linked and multiple-pathway overview	https://www.ncbi.nlm.nih.gov/books/NBK1332/	2026-06-03	known cdg gene; subtype B4GALT1-CDG (CDG-IId); mode AR; source GeneReviews CDG N-linked and multiple-pathway overview, accessed 2026-06-03; ClinVar and GWAS evidence not assessed in this version. ClinVar P/LP layer: 3 unique GRCh38 germline P/LP VariationID(s), accessed 2026-06-03. GWAS Catalog layer: 216 association(s), 100 mapped trait(s), categories cancer;glycome;immune_inflammation;infection;metabolism;tissue_identity, accessed 2026-06-03.
B4GALT2	ENSG00000117411	terminal_modification	downstream_diversification	yes	yes	not_cdg_gene		no_curated_cdg_mendelian_seed_evidence		low	0	0	no_plp_variants_found	7	2	no	no	no	no	yes	gwas_trait_evidence_present	complex_or_context_dependent_trait	first_pass_genereviews_only	cdg_clinvar_plus_gwas_catalog_v0.1_2026-06-03	GeneReviews CDG N-linked and multiple-pathway overview	https://www.ncbi.nlm.nih.gov/books/NBK1332/	2026-06-03	Not listed in first-pass GeneReviews CDG seed curation; ClinVar and GWAS evidence not assessed in this version. ClinVar P/LP layer: 0 unique GRCh38 germline P/LP VariationID(s), accessed 2026-06-03. GWAS Catalog layer: 7 association(s), 8 mapped trait(s), categories metabolism;tissue_identity, accessed 2026-06-03.
B4GALT3	ENSG00000158850	terminal_modification	downstream_diversification	yes	yes	not_cdg_gene		no_curated_cdg_mendelian_seed_evidence		low	1	1	plp_variants_present	2	2	no	yes	no	no	no	gwas_trait_evidence_present	severe_mendelian_core	first_pass_genereviews_only	cdg_clinvar_plus_gwas_catalog_v0.1_2026-06-03	GeneReviews CDG N-linked and multiple-pathway overview	https://www.ncbi.nlm.nih.gov/books/NBK1332/	2026-06-03	Not listed in first-pass GeneReviews CDG seed curation; ClinVar and GWAS evidence not assessed in this version. ClinVar P/LP layer: 1 unique GRCh38 germline P/LP VariationID(s), accessed 2026-06-03. GWAS Catalog layer: 2 association(s), 2 mapped trait(s), categories immune_inflammation;metabolism, accessed 2026-06-03.
B4GALT4	ENSG00000121578	terminal_modification	downstream_diversification	yes	yes	not_cdg_gene		no_curated_cdg_mendelian_seed_evidence		low	0	0	no_plp_variants_found	19	4	no	yes	no	yes	yes	gwas_trait_evidence_present	complex_or_context_dependent_trait	first_pass_genereviews_only	cdg_clinvar_plus_gwas_catalog_v0.1_2026-06-03	GeneReviews CDG N-linked and multiple-pathway overview	https://www.ncbi.nlm.nih.gov/books/NBK1332/	2026-06-03	Not listed in first-pass GeneReviews CDG seed curation; ClinVar and GWAS evidence not assessed in this version. ClinVar P/LP layer: 0 unique GRCh38 germline P/LP VariationID(s), accessed 2026-06-03. GWAS Catalog layer: 19 association(s), 21 mapped trait(s), categories cancer;immune_inflammation;metabolism;tissue_identity, accessed 2026-06-03.
B4GALT5	ENSG00000158470	terminal_modification	downstream_diversification	yes	yes	not_cdg_gene		no_curated_cdg_mendelian_seed_evidence		low	0	0	no_plp_variants_found	17	4	no	yes	yes	no	yes	gwas_trait_evidence_present	complex_or_context_dependent_trait	first_pass_genereviews_only	cdg_clinvar_plus_gwas_catalog_v0.1_2026-06-03	GeneReviews CDG N-linked and multiple-pathway overview	https://www.ncbi.nlm.nih.gov/books/NBK1332/	2026-06-03	Not listed in first-pass GeneReviews CDG seed curation; ClinVar and GWAS evidence not assessed in this version. ClinVar P/LP layer: 0 unique GRCh38 germline P/LP VariationID(s), accessed 2026-06-03. GWAS Catalog layer: 17 association(s), 13 mapped trait(s), categories immune_inflammation;infection;metabolism;tissue_identity, accessed 2026-06-03.
B4GALT6	ENSG00000118276	terminal_modification	downstream_diversification	yes	yes	not_cdg_gene		no_curated_cdg_mendelian_seed_evidence		low	0	0	no_plp_variants_found	21	3	no	yes	no	no	yes	gwas_trait_evidence_present	complex_or_context_dependent_trait	first_pass_genereviews_only	cdg_clinvar_plus_gwas_catalog_v0.1_2026-06-03	GeneReviews CDG N-linked and multiple-pathway overview	https://www.ncbi.nlm.nih.gov/books/NBK1332/	2026-06-03	Not listed in first-pass GeneReviews CDG seed curation; ClinVar and GWAS evidence not assessed in this version. ClinVar P/LP layer: 0 unique GRCh38 germline P/LP VariationID(s), accessed 2026-06-03. GWAS Catalog layer: 21 association(s), 19 mapped trait(s), categories immune_inflammation;metabolism;tissue_identity, accessed 2026-06-03.
ST3GAL4	ENSG00000110080	terminal_modification	downstream_diversification	yes	yes	not_cdg_gene		no_curated_cdg_mendelian_seed_evidence		low	0	0	no_plp_variants_found	1068	6	yes	yes	yes	yes	yes	gwas_trait_evidence_present	complex_or_context_dependent_trait	first_pass_genereviews_only	cdg_clinvar_plus_gwas_catalog_v0.1_2026-06-03	GeneReviews CDG N-linked and multiple-pathway overview	https://www.ncbi.nlm.nih.gov/books/NBK1332/	2026-06-03	Not listed in first-pass GeneReviews CDG seed curation; ClinVar and GWAS evidence not assessed in this version. ClinVar P/LP layer: 0 unique GRCh38 germline P/LP VariationID(s), accessed 2026-06-03. GWAS Catalog layer: 1068 association(s), 437 mapped trait(s), categories cancer;glycome;immune_inflammation;infection;metabolism;tissue_identity, accessed 2026-06-03.
ST6GAL1	ENSG00000073849	terminal_modification	downstream_diversification	yes	yes	not_cdg_gene		no_curated_cdg_mendelian_seed_evidence		low	0	0	no_plp_variants_found	249	6	yes	yes	yes	yes	yes	gwas_trait_evidence_present	complex_or_context_dependent_trait	first_pass_genereviews_only	cdg_clinvar_plus_gwas_catalog_v0.1_2026-06-03	GeneReviews CDG N-linked and multiple-pathway overview	https://www.ncbi.nlm.nih.gov/books/NBK1332/	2026-06-03	Not listed in first-pass GeneReviews CDG seed curation; ClinVar and GWAS evidence not assessed in this version. ClinVar P/LP layer: 0 unique GRCh38 germline P/LP VariationID(s), accessed 2026-06-03. GWAS Catalog layer: 249 association(s), 115 mapped trait(s), categories cancer;glycome;immune_inflammation;infection;metabolism;tissue_identity, accessed 2026-06-03.
ST8SIA2	ENSG00000140557	terminal_modification	downstream_diversification	yes	yes	not_cdg_gene		no_curated_cdg_mendelian_seed_evidence		low	0	0	no_plp_variants_found	22	3	no	no	yes	yes	no	gwas_trait_evidence_present	complex_or_context_dependent_trait	first_pass_genereviews_only	cdg_clinvar_plus_gwas_catalog_v0.1_2026-06-03	GeneReviews CDG N-linked and multiple-pathway overview	https://www.ncbi.nlm.nih.gov/books/NBK1332/	2026-06-03	Not listed in first-pass GeneReviews CDG seed curation; ClinVar and GWAS evidence not assessed in this version. ClinVar P/LP layer: 0 unique GRCh38 germline P/LP VariationID(s), accessed 2026-06-03. GWAS Catalog layer: 22 association(s), 20 mapped trait(s), categories cancer;infection;metabolism, accessed 2026-06-03.
ST8SIA3	ENSG00000177511	terminal_modification	downstream_diversification	yes	yes	not_cdg_gene		no_curated_cdg_mendelian_seed_evidence		low	0	0	no_plp_variants_found	50	5	no	yes	yes	yes	yes	gwas_trait_evidence_present	complex_or_context_dependent_trait	first_pass_genereviews_only	cdg_clinvar_plus_gwas_catalog_v0.1_2026-06-03	GeneReviews CDG N-linked and multiple-pathway overview	https://www.ncbi.nlm.nih.gov/books/NBK1332/	2026-06-03	Not listed in first-pass GeneReviews CDG seed curation; ClinVar and GWAS evidence not assessed in this version. ClinVar P/LP layer: 0 unique GRCh38 germline P/LP VariationID(s), accessed 2026-06-03. GWAS Catalog layer: 50 association(s), 20 mapped trait(s), categories cancer;immune_inflammation;infection;metabolism;tissue_identity, accessed 2026-06-03.
ST8SIA6	ENSG00000148488	terminal_modification	downstream_diversification	yes	yes	not_cdg_gene		no_curated_cdg_mendelian_seed_evidence		low	0	0	no_plp_variants_found	48	4	no	yes	no	yes	yes	gwas_trait_evidence_present	complex_or_context_dependent_trait	first_pass_genereviews_only	cdg_clinvar_plus_gwas_catalog_v0.1_2026-06-03	GeneReviews CDG N-linked and multiple-pathway overview	https://www.ncbi.nlm.nih.gov/books/NBK1332/	2026-06-03	Not listed in first-pass GeneReviews CDG seed curation; ClinVar and GWAS evidence not assessed in this version. ClinVar P/LP layer: 0 unique GRCh38 germline P/LP VariationID(s), accessed 2026-06-03. GWAS Catalog layer: 48 association(s), 38 mapped trait(s), categories cancer;immune_inflammation;metabolism;tissue_identity, accessed 2026-06-03.
CHST8	ENSG00000124302	terminal_modification	downstream_diversification	yes	yes	not_cdg_gene		no_curated_cdg_mendelian_seed_evidence		low	0	0	no_plp_variants_found	29	4	no	yes	no	yes	yes	gwas_trait_evidence_present	complex_or_context_dependent_trait	first_pass_genereviews_only	cdg_clinvar_plus_gwas_catalog_v0.1_2026-06-03	GeneReviews CDG N-linked and multiple-pathway overview	https://www.ncbi.nlm.nih.gov/books/NBK1332/	2026-06-03	Not listed in first-pass GeneReviews CDG seed curation; ClinVar and GWAS evidence not assessed in this version. ClinVar P/LP layer: 0 unique GRCh38 germline P/LP VariationID(s), accessed 2026-06-03. GWAS Catalog layer: 29 association(s), 23 mapped trait(s), categories cancer;immune_inflammation;metabolism;tissue_identity, accessed 2026-06-03.
CHST10	ENSG00000115526	terminal_modification	downstream_diversification	yes	yes	not_cdg_gene		no_curated_cdg_mendelian_seed_evidence		low	0	0	no_plp_variants_found	16	3	no	yes	no	no	yes	gwas_trait_evidence_present	complex_or_context_dependent_trait	first_pass_genereviews_only	cdg_clinvar_plus_gwas_catalog_v0.1_2026-06-03	GeneReviews CDG N-linked and multiple-pathway overview	https://www.ncbi.nlm.nih.gov/books/NBK1332/	2026-06-03	Not listed in first-pass GeneReviews CDG seed curation; ClinVar and GWAS evidence not assessed in this version. ClinVar P/LP layer: 0 unique GRCh38 germline P/LP VariationID(s), accessed 2026-06-03. GWAS Catalog layer: 16 association(s), 15 mapped trait(s), categories immune_inflammation;metabolism;tissue_identity, accessed 2026-06-03.
B4GALNT2	ENSG00000167080	terminal_modification	downstream_diversification	yes	yes	not_cdg_gene		no_curated_cdg_mendelian_seed_evidence		low	0	0	no_plp_variants_found	65	4	no	yes	no	yes	yes	gwas_trait_evidence_present	complex_or_context_dependent_trait	first_pass_genereviews_only	cdg_clinvar_plus_gwas_catalog_v0.1_2026-06-03	GeneReviews CDG N-linked and multiple-pathway overview	https://www.ncbi.nlm.nih.gov/books/NBK1332/	2026-06-03	Not listed in first-pass GeneReviews CDG seed curation; ClinVar and GWAS evidence not assessed in this version. ClinVar P/LP layer: 0 unique GRCh38 germline P/LP VariationID(s), accessed 2026-06-03. GWAS Catalog layer: 65 association(s), 41 mapped trait(s), categories cancer;immune_inflammation;metabolism;tissue_identity, accessed 2026-06-03.
