symbol	ensembl_gene_id	primary_region	analysis_group	include_primary	include_sensitivity	curation_confidence	pathway_depth_rank	pathway_depth_scaled	is_upstream_core	is_checkpoint_layer	is_downstream_diversification	is_substrate_support	checkpoint_proximity	ost_or_lbo_core_member	er_quality_control_member	catastrophic_potential_prior	branching_role	terminal_modification_role	interface_layer_prior	glycan_output_layer	regulatory_or_trans_layer_candidate	has_paralog_family	paralog_family_name	redundancy_prior	low_specificity_terminal_enzyme	graph_in_degree_primary_reaction	graph_out_degree_primary_reaction	graph_total_degree_primary_reaction	graph_betweenness_primary_reaction	graph_closeness_primary_reaction	graph_component_id_primary_reaction	architecture_version	architecture_notes
HK1	ENSG00000156515	substrate_biosynthesis	substrate_support	no	yes	medium	1	0.0	no	no	no	yes	not_applicable	no	no	unknown	unknown	no	unknown	no	no	no		unknown	no	0	0	0	0.0	0.0	primary_reaction_component_1	architecture_features_v0.1_2026-06-03	substrate-support gene; keep separate from primary upstream/downstream contrast; medium-confidence pathway label pending cross-check
MPI	ENSG00000178802	substrate_biosynthesis	substrate_support	no	yes	high	1	0.0	no	no	no	yes	not_applicable	no	no	unknown	unknown	no	unknown	no	no	no		unknown	no	0	0	0	0.0	0.0	primary_reaction_component_2	architecture_features_v0.1_2026-06-03	substrate-support gene; keep separate from primary upstream/downstream contrast
PMM1	ENSG00000100417	substrate_biosynthesis	substrate_support	no	yes	medium	1	0.0	no	no	no	yes	not_applicable	no	no	unknown	unknown	no	unknown	no	no	yes	PMM	moderate	no	0	0	0	0.0	0.0	primary_reaction_component_3	architecture_features_v0.1_2026-06-03	substrate-support gene; keep separate from primary upstream/downstream contrast; medium-confidence pathway label pending cross-check; assigned PMM paralog-family prior from symbol prefix
PMM2	ENSG00000140650	substrate_biosynthesis	substrate_support	no	yes	high	1	0.0	no	no	no	yes	not_applicable	no	no	unknown	unknown	no	unknown	no	no	yes	PMM	moderate	no	0	0	0	0.0	0.0	primary_reaction_component_4	architecture_features_v0.1_2026-06-03	substrate-support gene; keep separate from primary upstream/downstream contrast; assigned PMM paralog-family prior from symbol prefix
GMPPA	ENSG00000144591	substrate_biosynthesis	substrate_support	no	yes	medium	1	0.0	no	no	no	yes	not_applicable	no	no	unknown	unknown	no	unknown	no	no	yes	GMP	moderate	no	0	0	0	0.0	0.0	primary_reaction_component_5	architecture_features_v0.1_2026-06-03	substrate-support gene; keep separate from primary upstream/downstream contrast; medium-confidence pathway label pending cross-check; assigned GMP paralog-family prior from symbol prefix
GMPPB	ENSG00000173540	substrate_biosynthesis	substrate_support	no	yes	high	1	0.0	no	no	no	yes	not_applicable	no	no	unknown	unknown	no	unknown	no	no	yes	GMP	moderate	no	0	0	0	0.0	0.0	primary_reaction_component_6	architecture_features_v0.1_2026-06-03	substrate-support gene; keep separate from primary upstream/downstream contrast; assigned GMP paralog-family prior from symbol prefix
DPM1	ENSG00000000419	substrate_biosynthesis	substrate_support	no	yes	high	1	0.0	no	no	no	yes	not_applicable	no	no	unknown	unknown	no	unknown	no	no	yes	DPM	moderate	no	0	0	0	0.0	0.0	primary_reaction_component_7	architecture_features_v0.1_2026-06-03	substrate-support gene; keep separate from primary upstream/downstream contrast; assigned DPM paralog-family prior from symbol prefix
DPM2	ENSG00000136908	substrate_biosynthesis	substrate_support	no	yes	high	1	0.0	no	no	no	yes	not_applicable	no	no	unknown	unknown	no	unknown	no	no	yes	DPM	moderate	no	0	0	0	0.0	0.0	primary_reaction_component_8	architecture_features_v0.1_2026-06-03	substrate-support gene; keep separate from primary upstream/downstream contrast; assigned DPM paralog-family prior from symbol prefix
DPM3	ENSG00000179085	substrate_biosynthesis	substrate_support	no	yes	high	1	0.0	no	no	no	yes	not_applicable	no	no	unknown	unknown	no	unknown	no	no	yes	DPM	moderate	no	0	0	0	0.0	0.0	primary_reaction_component_9	architecture_features_v0.1_2026-06-03	substrate-support gene; keep separate from primary upstream/downstream contrast; assigned DPM paralog-family prior from symbol prefix
DOLK	ENSG00000175283	substrate_biosynthesis	substrate_support	no	yes	high	1	0.0	no	no	no	yes	not_applicable	no	no	unknown	unknown	no	unknown	no	no	no		unknown	no	0	0	0	0.0	0.0	primary_reaction_component_10	architecture_features_v0.1_2026-06-03	substrate-support gene; keep separate from primary upstream/downstream contrast
DOLPP1	ENSG00000167130	substrate_biosynthesis	substrate_support	no	yes	medium	1	0.0	no	no	no	yes	not_applicable	no	no	unknown	unknown	no	unknown	no	no	no		unknown	no	0	0	0	0.0	0.0	primary_reaction_component_11	architecture_features_v0.1_2026-06-03	substrate-support gene; keep separate from primary upstream/downstream contrast; medium-confidence pathway label pending cross-check
DHDDS	ENSG00000117682	substrate_biosynthesis	substrate_support	no	yes	medium	1	0.0	no	no	no	yes	not_applicable	no	no	unknown	unknown	no	unknown	no	no	no		unknown	no	0	0	0	0.0	0.0	primary_reaction_component_12	architecture_features_v0.1_2026-06-03	substrate-support gene; keep separate from primary upstream/downstream contrast; medium-confidence pathway label pending cross-check
NUS1	ENSG00000153989	substrate_biosynthesis	substrate_support	no	yes	medium	1	0.0	no	no	no	yes	not_applicable	no	no	unknown	unknown	no	unknown	no	no	no		unknown	no	0	0	0	0.0	0.0	primary_reaction_component_13	architecture_features_v0.1_2026-06-03	substrate-support gene; keep separate from primary upstream/downstream contrast; medium-confidence pathway label pending cross-check
SRD5A3	ENSG00000128039	substrate_biosynthesis	substrate_support	no	yes	high	1	0.0	no	no	no	yes	not_applicable	no	no	unknown	unknown	no	unknown	no	no	no		unknown	no	0	0	0	0.0	0.0	primary_reaction_component_14	architecture_features_v0.1_2026-06-03	substrate-support gene; keep separate from primary upstream/downstream contrast
MPDU1	ENSG00000129255	substrate_biosynthesis	substrate_support	no	yes	high	1	0.0	no	no	no	yes	not_applicable	no	no	unknown	unknown	no	unknown	no	no	no		unknown	no	0	0	0	0.0	0.0	primary_reaction_component_15	architecture_features_v0.1_2026-06-03	substrate-support gene; keep separate from primary upstream/downstream contrast
PGM3	ENSG00000013375	substrate_biosynthesis	substrate_support	no	yes	medium	1	0.0	no	no	no	yes	not_applicable	no	no	unknown	unknown	no	unknown	no	no	no		unknown	no	0	0	0	0.0	0.0	primary_reaction_component_16	architecture_features_v0.1_2026-06-03	substrate-support gene; keep separate from primary upstream/downstream contrast; medium-confidence pathway label pending cross-check
UAP1	ENSG00000117143	substrate_biosynthesis	substrate_support	no	yes	medium	1	0.0	no	no	no	yes	not_applicable	no	no	unknown	unknown	no	unknown	no	no	no		unknown	no	0	0	0	0.0	0.0	primary_reaction_component_17	architecture_features_v0.1_2026-06-03	substrate-support gene; keep separate from primary upstream/downstream contrast; medium-confidence pathway label pending cross-check
GFPT1	ENSG00000198380	substrate_biosynthesis	substrate_support	no	yes	medium	1	0.0	no	no	no	yes	not_applicable	no	no	unknown	unknown	no	unknown	no	no	yes	GFPT	moderate	no	0	0	0	0.0	0.0	primary_reaction_component_18	architecture_features_v0.1_2026-06-03	substrate-support gene; keep separate from primary upstream/downstream contrast; medium-confidence pathway label pending cross-check; assigned GFPT paralog-family prior from symbol prefix
GFPT2	ENSG00000131459	substrate_biosynthesis	substrate_support	no	yes	medium	1	0.0	no	no	no	yes	not_applicable	no	no	unknown	unknown	no	unknown	no	no	yes	GFPT	moderate	no	0	0	0	0.0	0.0	primary_reaction_component_19	architecture_features_v0.1_2026-06-03	substrate-support gene; keep separate from primary upstream/downstream contrast; medium-confidence pathway label pending cross-check; assigned GFPT paralog-family prior from symbol prefix
GNPNAT1	ENSG00000100522	substrate_biosynthesis	substrate_support	no	yes	medium	1	0.0	no	no	no	yes	not_applicable	no	no	unknown	unknown	no	unknown	no	no	no		unknown	no	0	0	0	0.0	0.0	primary_reaction_component_20	architecture_features_v0.1_2026-06-03	substrate-support gene; keep separate from primary upstream/downstream contrast; medium-confidence pathway label pending cross-check
NAGK	ENSG00000124357	substrate_biosynthesis	substrate_support	no	yes	low	1	0.0	no	no	no	yes	not_applicable	no	no	unknown	unknown	no	unknown	no	no	no		unknown	no	0	0	0	0.0	0.0	primary_reaction_component_21	architecture_features_v0.1_2026-06-03	substrate-support gene; keep separate from primary upstream/downstream contrast; low-confidence pathway label pending cross-check
GNE	ENSG00000159921	substrate_biosynthesis	substrate_support	no	yes	medium	1	0.0	no	no	no	yes	not_applicable	no	no	unknown	unknown	no	unknown	no	no	no		unknown	no	0	0	0	0.0	0.0	primary_reaction_component_22	architecture_features_v0.1_2026-06-03	substrate-support gene; keep separate from primary upstream/downstream contrast; medium-confidence pathway label pending cross-check
NANS	ENSG00000095380	substrate_biosynthesis	substrate_support	no	yes	medium	1	0.0	no	no	no	yes	not_applicable	no	no	unknown	unknown	no	unknown	no	no	no		unknown	no	0	0	0	0.0	0.0	primary_reaction_component_23	architecture_features_v0.1_2026-06-03	substrate-support gene; keep separate from primary upstream/downstream contrast; medium-confidence pathway label pending cross-check
NANP	ENSG00000170191	substrate_biosynthesis	substrate_support	no	yes	medium	1	0.0	no	no	no	yes	not_applicable	no	no	unknown	unknown	no	unknown	no	no	no		unknown	no	0	0	0	0.0	0.0	primary_reaction_component_24	architecture_features_v0.1_2026-06-03	substrate-support gene; keep separate from primary upstream/downstream contrast; medium-confidence pathway label pending cross-check
CMAS	ENSG00000111726	substrate_biosynthesis	substrate_support	no	yes	medium	1	0.0	no	no	no	yes	not_applicable	no	no	unknown	unknown	no	unknown	no	no	no		unknown	no	0	0	0	0.0	0.0	primary_reaction_component_25	architecture_features_v0.1_2026-06-03	substrate-support gene; keep separate from primary upstream/downstream contrast; medium-confidence pathway label pending cross-check
SLC35A1	ENSG00000164414	substrate_biosynthesis	substrate_support	no	yes	medium	1	0.0	no	no	no	yes	not_applicable	no	no	unknown	unknown	no	unknown	no	no	yes	SLC35	moderate	no	0	0	0	0.0	0.0	primary_reaction_component_26	architecture_features_v0.1_2026-06-03	substrate-support gene; keep separate from primary upstream/downstream contrast; medium-confidence pathway label pending cross-check; assigned SLC35 paralog-family prior from symbol prefix
GMDS	ENSG00000112699	substrate_biosynthesis	substrate_support	no	yes	medium	1	0.0	no	no	no	yes	not_applicable	no	no	unknown	unknown	no	unknown	no	no	no		unknown	no	0	0	0	0.0	0.0	primary_reaction_component_27	architecture_features_v0.1_2026-06-03	substrate-support gene; keep separate from primary upstream/downstream contrast; medium-confidence pathway label pending cross-check
FPGT	ENSG00000254685	substrate_biosynthesis	substrate_support	no	yes	medium	1	0.0	no	no	no	yes	not_applicable	no	no	unknown	unknown	no	unknown	no	no	no		unknown	no	0	0	0	0.0	0.0	primary_reaction_component_28	architecture_features_v0.1_2026-06-03	substrate-support gene; keep separate from primary upstream/downstream contrast; medium-confidence pathway label pending cross-check
FCSK	ENSG00000157353	substrate_biosynthesis	substrate_support	no	yes	medium	1	0.0	no	no	no	yes	not_applicable	no	no	unknown	unknown	no	unknown	no	no	no		unknown	no	0	0	0	0.0	0.0	primary_reaction_component_29	architecture_features_v0.1_2026-06-03	substrate-support gene; keep separate from primary upstream/downstream contrast; medium-confidence pathway label pending cross-check
SLC35C1	ENSG00000181830	substrate_biosynthesis	substrate_support	no	yes	medium	1	0.0	no	no	no	yes	not_applicable	no	no	unknown	unknown	no	unknown	no	no	yes	SLC35	moderate	no	0	0	0	0.0	0.0	primary_reaction_component_30	architecture_features_v0.1_2026-06-03	substrate-support gene; keep separate from primary upstream/downstream contrast; medium-confidence pathway label pending cross-check; assigned SLC35 paralog-family prior from symbol prefix
DPAGT1	ENSG00000172269	llo_assembly	upstream_core	yes	yes	high	2	0.1667	yes	no	no	no	distant	yes	no	high	not_branching	no	low	no	no	no		low	no	0	2	2	0.0	0.0	primary_reaction_component_31	architecture_features_v0.1_2026-06-03	
ALG13	ENSG00000101901	llo_assembly	upstream_core	yes	yes	high	2	0.1667	yes	no	no	no	distant	yes	no	high	not_branching	no	low	no	no	yes	ALG	low	no	1	1	2	0.0027272727272727275	0.01	primary_reaction_component_31	architecture_features_v0.1_2026-06-03	
ALG14	ENSG00000172339	llo_assembly	upstream_core	yes	yes	high	2	0.1667	yes	no	no	no	distant	yes	no	high	not_branching	no	low	no	no	yes	ALG	low	no	1	1	2	0.0027272727272727275	0.01	primary_reaction_component_31	architecture_features_v0.1_2026-06-03	
ALG1	ENSG00000033011	llo_assembly	upstream_core	yes	yes	high	2	0.1667	yes	no	no	no	distant	yes	no	high	not_branching	no	low	no	no	yes	ALG	low	no	2	1	3	0.01606060606060606	0.0225	primary_reaction_component_31	architecture_features_v0.1_2026-06-03	
ALG2	ENSG00000119523	llo_assembly	upstream_core	yes	yes	high	2	0.1667	yes	no	no	no	distant	yes	no	high	not_branching	no	low	no	no	yes	ALG	low	no	1	1	2	0.02101010101010101	0.02	primary_reaction_component_31	architecture_features_v0.1_2026-06-03	
ALG11	ENSG00000253710	llo_assembly	upstream_core	yes	yes	high	2	0.1667	yes	no	no	no	distant	yes	no	high	not_branching	no	low	no	no	yes	ALG	low	no	1	1	2	0.025757575757575757	0.019230769230769232	primary_reaction_component_31	architecture_features_v0.1_2026-06-03	
RFT1	ENSG00000163933	llo_assembly	upstream_core	yes	yes	high	2	0.1667	yes	no	no	no	distant	yes	no	high	not_branching	no	low	no	no	no		low	no	1	1	2	0.030303030303030304	0.01894736842105263	primary_reaction_component_31	architecture_features_v0.1_2026-06-03	
ALG3	ENSG00000214160	llo_assembly	upstream_core	yes	yes	high	2	0.1667	yes	no	no	no	distant	yes	no	high	not_branching	no	low	no	no	yes	ALG	low	no	1	1	2	0.03464646464646465	0.018846153846153846	primary_reaction_component_31	architecture_features_v0.1_2026-06-03	
ALG9	ENSG00000086848	llo_assembly	upstream_core	yes	yes	high	2	0.1667	yes	no	no	no	distant	yes	no	high	not_branching	no	low	no	no	yes	ALG	low	no	1	1	2	0.03878787878787879	0.018823529411764708	primary_reaction_component_31	architecture_features_v0.1_2026-06-03	
ALG12	ENSG00000182858	llo_assembly	upstream_core	yes	yes	high	2	0.1667	yes	no	no	no	distant	yes	no	high	not_branching	no	low	no	no	yes	ALG	low	no	1	1	2	0.042727272727272725	0.018837209302325582	primary_reaction_component_31	architecture_features_v0.1_2026-06-03	
ALG6	ENSG00000088035	llo_assembly	upstream_core	yes	yes	high	2	0.1667	yes	no	no	no	distant	yes	no	high	not_branching	no	low	no	no	yes	ALG	low	no	1	1	2	0.046464646464646465	0.01886792452830189	primary_reaction_component_31	architecture_features_v0.1_2026-06-03	
ALG8	ENSG00000159063	llo_assembly	upstream_core	yes	yes	high	2	0.1667	yes	no	no	no	distant	yes	no	high	not_branching	no	low	no	no	yes	ALG	low	no	1	2	3	0.05	0.01890625	primary_reaction_component_31	architecture_features_v0.1_2026-06-03	
ALG10	ENSG00000139133	llo_assembly	upstream_core	yes	yes	high	2	0.1667	yes	no	no	no	distant	yes	no	high	not_branching	no	low	no	no	yes	ALG	low	no	1	2	3	0.026060606060606062	0.01894736842105263	primary_reaction_component_31	architecture_features_v0.1_2026-06-03	
ALG10B	ENSG00000175548	llo_assembly	upstream_core	yes	yes	medium	2	0.1667	yes	no	no	no	distant	yes	no	high	not_branching	no	low	no	no	yes	ALG	low	no	1	2	3	0.026060606060606062	0.01894736842105263	primary_reaction_component_31	architecture_features_v0.1_2026-06-03	medium-confidence pathway label pending cross-check
ALG5	ENSG00000120697	llo_assembly	upstream_core	yes	yes	high	2	0.1667	yes	no	no	no	distant	yes	no	high	not_branching	no	low	no	no	yes	ALG	low	no	0	0	0	0.0	0.0	primary_reaction_component_32	architecture_features_v0.1_2026-06-03	
STT3A	ENSG00000134910	ost_transfer	upstream_core	yes	yes	high	3	0.3333	yes	no	no	no	adjacent	yes	no	high	not_branching	no	low	no	no	no		low	no	11	1	12	0.04762626262626263	0.05343434343434344	primary_reaction_component_31	architecture_features_v0.1_2026-06-03	
STT3B	ENSG00000163527	ost_transfer	upstream_core	yes	yes	high	3	0.3333	yes	no	no	no	adjacent	yes	no	high	not_branching	no	low	no	no	no		low	no	11	1	12	0.04762626262626263	0.05343434343434344	primary_reaction_component_31	architecture_features_v0.1_2026-06-03	
DDOST	ENSG00000244038	ost_transfer	upstream_core	yes	yes	high	3	0.3333	yes	no	no	no	adjacent	yes	no	high	not_branching	no	low	no	no	no		low	no	0	2	2	0.0	0.0	primary_reaction_component_31	architecture_features_v0.1_2026-06-03	
DAD1	ENSG00000129562	ost_transfer	upstream_core	yes	yes	high	3	0.3333	yes	no	no	no	adjacent	yes	no	high	not_branching	no	low	no	no	no		low	no	0	2	2	0.0	0.0	primary_reaction_component_31	architecture_features_v0.1_2026-06-03	
RPN1	ENSG00000163902	ost_transfer	upstream_core	yes	yes	high	3	0.3333	yes	no	no	no	adjacent	yes	no	high	not_branching	no	low	no	no	no		low	no	0	2	2	0.0	0.0	primary_reaction_component_31	architecture_features_v0.1_2026-06-03	
RPN2	ENSG00000291973	ost_transfer	upstream_core	yes	yes	high	3	0.3333	yes	no	no	no	adjacent	yes	no	high	not_branching	no	low	no	no	no		low	no	0	2	2	0.0	0.0	primary_reaction_component_31	architecture_features_v0.1_2026-06-03	
OST4	ENSG00000228474	ost_transfer	upstream_core	yes	yes	high	3	0.3333	yes	no	no	no	adjacent	yes	no	high	not_branching	no	low	no	no	yes	OST	low	no	0	2	2	0.0	0.0	primary_reaction_component_31	architecture_features_v0.1_2026-06-03	
OSTC	ENSG00000198856	ost_transfer	upstream_core	yes	yes	high	3	0.3333	yes	no	no	no	adjacent	yes	no	high	not_branching	no	low	no	no	yes	OST	low	no	0	2	2	0.0	0.0	primary_reaction_component_31	architecture_features_v0.1_2026-06-03	
TMEM258	ENSG00000134825	ost_transfer	upstream_core	yes	yes	medium	3	0.3333	yes	no	no	no	adjacent	yes	no	high	not_branching	no	low	no	no	no		low	no	0	2	2	0.0	0.0	primary_reaction_component_31	architecture_features_v0.1_2026-06-03	medium-confidence pathway label pending cross-check
MAGT1	ENSG00000102158	ost_transfer	upstream_core	yes	yes	medium	3	0.3333	yes	no	no	no	adjacent	yes	no	high	not_branching	no	low	no	no	no		low	no	0	2	2	0.0	0.0	primary_reaction_component_31	architecture_features_v0.1_2026-06-03	medium-confidence pathway label pending cross-check
TUSC3	ENSG00000104723	ost_transfer	upstream_core	yes	yes	medium	3	0.3333	yes	no	no	no	adjacent	yes	no	high	not_branching	no	low	no	no	no		low	no	0	2	2	0.0	0.0	primary_reaction_component_31	architecture_features_v0.1_2026-06-03	medium-confidence pathway label pending cross-check
MOGS	ENSG00000115275	er_quality_control	checkpoint_layer	yes	yes	high	4	0.5	no	yes	no	no	direct	no	yes	high	not_branching	no	low	no	no	no		low	no	4	2	6	0.1201010101010101	0.07420289855072464	primary_reaction_component_31	architecture_features_v0.1_2026-06-03	
GANAB	ENSG00000089597	er_quality_control	checkpoint_layer	yes	yes	high	4	0.5	no	yes	no	no	direct	no	yes	high	not_branching	no	low	no	no	no		low	no	1	4	5	0.058838383838383836	0.061317365269461084	primary_reaction_component_31	architecture_features_v0.1_2026-06-03	
PRKCSH	ENSG00000130175	er_quality_control	checkpoint_layer	yes	yes	high	4	0.5	no	yes	no	no	direct	no	yes	high	not_branching	no	low	no	no	no		low	no	1	4	5	0.058838383838383836	0.061317365269461084	primary_reaction_component_31	architecture_features_v0.1_2026-06-03	
UGGT1	ENSG00000136731	er_quality_control	checkpoint_layer	yes	yes	high	4	0.5	no	yes	no	no	direct	no	yes	high	not_branching	no	low	no	no	yes	UGGT	moderate	no	3	1	4	0.005858585858585858	0.04807511737089202	primary_reaction_component_31	architecture_features_v0.1_2026-06-03	assigned UGGT paralog-family prior from symbol prefix
UGGT2	ENSG00000102595	er_quality_control	checkpoint_layer	yes	yes	medium	4	0.5	no	yes	no	no	direct	no	yes	high	not_branching	no	low	no	no	yes	UGGT	moderate	no	3	1	4	0.005858585858585858	0.04807511737089202	primary_reaction_component_31	architecture_features_v0.1_2026-06-03	medium-confidence pathway label pending cross-check; assigned UGGT paralog-family prior from symbol prefix
CANX	ENSG00000283777	er_quality_control	checkpoint_layer	yes	yes	high	4	0.5	no	yes	no	no	direct	no	yes	high	not_branching	no	low	no	no	no		low	no	2	3	5	0.004646464646464647	0.05333333333333333	primary_reaction_component_31	architecture_features_v0.1_2026-06-03	
CALR	ENSG00000179218	er_quality_control	checkpoint_layer	yes	yes	high	4	0.5	no	yes	no	no	direct	no	yes	high	not_branching	no	low	no	no	no		low	no	2	3	5	0.004646464646464647	0.05333333333333333	primary_reaction_component_31	architecture_features_v0.1_2026-06-03	
PDIA3	ENSG00000167004	er_quality_control	checkpoint_layer	yes	yes	medium	4	0.5	no	yes	no	no	direct	no	yes	high	not_branching	no	low	no	no	no		low	no	2	2	4	0.0	0.047407407407407405	primary_reaction_component_31	architecture_features_v0.1_2026-06-03	medium-confidence pathway label pending cross-check
MAN1B1	ENSG00000177239	er_quality_control	checkpoint_layer	yes	yes	high	4	0.5	no	yes	no	no	direct	no	yes	high	not_branching	no	low	no	no	yes	MAN1	moderate	no	2	6	8	0.10333333333333333	0.05556122448979592	primary_reaction_component_31	architecture_features_v0.1_2026-06-03	assigned MAN1 paralog-family prior from symbol prefix
EDEM1	ENSG00000134109	er_quality_control	checkpoint_layer	yes	yes	medium	4	0.5	no	yes	no	no	direct	no	yes	high	not_branching	no	low	no	no	yes	EDEM	moderate	no	1	0	1	0.0	0.0502608695652174	primary_reaction_component_31	architecture_features_v0.1_2026-06-03	medium-confidence pathway label pending cross-check; assigned EDEM paralog-family prior from symbol prefix
EDEM2	ENSG00000088298	er_quality_control	checkpoint_layer	yes	yes	medium	4	0.5	no	yes	no	no	direct	no	yes	high	not_branching	no	low	no	no	yes	EDEM	moderate	no	1	0	1	0.0	0.0502608695652174	primary_reaction_component_31	architecture_features_v0.1_2026-06-03	medium-confidence pathway label pending cross-check; assigned EDEM paralog-family prior from symbol prefix
EDEM3	ENSG00000116406	er_quality_control	checkpoint_layer	yes	yes	medium	4	0.5	no	yes	no	no	direct	no	yes	high	not_branching	no	low	no	no	yes	EDEM	moderate	no	1	0	1	0.0	0.0502608695652174	primary_reaction_component_31	architecture_features_v0.1_2026-06-03	medium-confidence pathway label pending cross-check; assigned EDEM paralog-family prior from symbol prefix
MLEC	ENSG00000110917	er_quality_control	checkpoint_layer	yes	yes	medium	4	0.5	no	yes	no	no	direct	no	yes	high	not_branching	no	low	no	no	no		low	no	2	0	2	0.0	0.05556122448979592	primary_reaction_component_31	architecture_features_v0.1_2026-06-03	medium-confidence pathway label pending cross-check
NGLY1	ENSG00000151092	er_quality_control	checkpoint_layer	no	yes	medium	4	0.5	no	yes	no	no	direct	no	yes	high	not_branching	no	low	no	no	no		low	no	0	0	0	0.0	0.0	primary_reaction_component_33	architecture_features_v0.1_2026-06-03	medium-confidence pathway label pending cross-check
ENGASE	ENSG00000167280	er_quality_control	checkpoint_layer	no	yes	medium	4	0.5	no	yes	no	no	direct	no	yes	high	not_branching	no	low	no	no	no		low	no	0	0	0	0.0	0.0	primary_reaction_component_34	architecture_features_v0.1_2026-06-03	medium-confidence pathway label pending cross-check
OS9	ENSG00000135506	er_quality_control	checkpoint_layer	no	yes	medium	4	0.5	no	yes	no	no	direct	no	yes	high	not_branching	no	low	no	no	no		low	no	0	0	0	0.0	0.0	primary_reaction_component_35	architecture_features_v0.1_2026-06-03	medium-confidence pathway label pending cross-check
SEL1L	ENSG00000071537	er_quality_control	checkpoint_layer	no	yes	medium	4	0.5	no	yes	no	no	direct	no	yes	high	not_branching	no	low	no	no	no		low	no	0	0	0	0.0	0.0	primary_reaction_component_36	architecture_features_v0.1_2026-06-03	medium-confidence pathway label pending cross-check
MAN1A1	ENSG00000111885	golgi_core_processing	downstream_diversification	yes	yes	high	5	0.6667	no	no	yes	no	distant	no	no	moderate	not_branching	no	moderate	yes	no	yes	MAN1	moderate	no	1	1	2	0.028619528619528625	0.0502608695652174	primary_reaction_component_31	architecture_features_v0.1_2026-06-03	assigned MAN1 paralog-family prior from symbol prefix
MAN1A2	ENSG00000198162	golgi_core_processing	downstream_diversification	yes	yes	high	5	0.6667	no	no	yes	no	distant	no	no	moderate	not_branching	no	moderate	yes	no	yes	MAN1	moderate	no	1	1	2	0.028619528619528625	0.0502608695652174	primary_reaction_component_31	architecture_features_v0.1_2026-06-03	assigned MAN1 paralog-family prior from symbol prefix
MAN1C1	ENSG00000117643	golgi_core_processing	downstream_diversification	yes	yes	high	5	0.6667	no	no	yes	no	distant	no	no	moderate	not_branching	no	moderate	yes	no	yes	MAN1	moderate	no	1	1	2	0.028619528619528625	0.0502608695652174	primary_reaction_component_31	architecture_features_v0.1_2026-06-03	assigned MAN1 paralog-family prior from symbol prefix
MGAT1	ENSG00000131446	golgi_core_processing	downstream_diversification	yes	yes	high	5	0.6667	no	no	yes	no	distant	no	no	moderate	not_branching	no	moderate	yes	no	yes	MGAT	moderate	no	3	2	5	0.08969696969696969	0.05127340823970038	primary_reaction_component_31	architecture_features_v0.1_2026-06-03	assigned MGAT paralog-family prior from symbol prefix
MAN2A1	ENSG00000112893	golgi_core_processing	downstream_diversification	yes	yes	high	5	0.6667	no	no	yes	no	distant	no	no	moderate	not_branching	no	moderate	yes	no	yes	MAN2	moderate	no	1	1	2	0.042222222222222223	0.04734426229508197	primary_reaction_component_31	architecture_features_v0.1_2026-06-03	assigned MAN2 paralog-family prior from symbol prefix
MAN2A2	ENSG00000196547	golgi_core_processing	downstream_diversification	yes	yes	high	5	0.6667	no	no	yes	no	distant	no	no	moderate	not_branching	no	moderate	yes	no	yes	MAN2	moderate	no	1	1	2	0.042222222222222223	0.04734426229508197	primary_reaction_component_31	architecture_features_v0.1_2026-06-03	assigned MAN2 paralog-family prior from symbol prefix
MGAT2	ENSG00000168282	golgi_core_processing	downstream_diversification	yes	yes	high	5	0.6667	no	no	yes	no	distant	no	no	moderate	not_branching	no	moderate	yes	no	yes	MGAT	moderate	no	2	6	8	0.08484848484848485	0.0463768115942029	primary_reaction_component_31	architecture_features_v0.1_2026-06-03	assigned MGAT paralog-family prior from symbol prefix
MGAT3	ENSG00000128268	golgi_branching	downstream_diversification	yes	yes	high	6	0.8333	no	no	yes	no	distant	no	no	low	branch_initiation	no	moderate	yes	no	yes	MGAT	high	no	1	7	8	0.012424242424242424	0.04354922279792746	primary_reaction_component_31	architecture_features_v0.1_2026-06-03	assigned MGAT paralog-family prior from symbol prefix
MGAT4A	ENSG00000071073	golgi_branching	downstream_diversification	yes	yes	high	6	0.8333	no	no	yes	no	distant	no	no	low	branch_initiation	no	moderate	yes	no	yes	MGAT	high	no	1	7	8	0.012424242424242424	0.04354922279792746	primary_reaction_component_31	architecture_features_v0.1_2026-06-03	assigned MGAT paralog-family prior from symbol prefix
MGAT4B	ENSG00000284501	golgi_branching	downstream_diversification	yes	yes	high	6	0.8333	no	no	yes	no	distant	no	no	low	branch_initiation	no	moderate	yes	no	yes	MGAT	high	no	1	7	8	0.012424242424242424	0.04354922279792746	primary_reaction_component_31	architecture_features_v0.1_2026-06-03	assigned MGAT paralog-family prior from symbol prefix
MGAT4C	ENSG00000182050	golgi_branching	downstream_diversification	yes	yes	medium	6	0.8333	no	no	yes	no	distant	no	no	low	branch_initiation	no	moderate	yes	no	yes	MGAT	high	no	1	7	8	0.012424242424242424	0.04354922279792746	primary_reaction_component_31	architecture_features_v0.1_2026-06-03	medium-confidence pathway label pending cross-check; assigned MGAT paralog-family prior from symbol prefix
MGAT5	ENSG00000152127	golgi_branching	downstream_diversification	yes	yes	high	6	0.8333	no	no	yes	no	distant	no	no	low	branch_initiation	no	moderate	yes	no	yes	MGAT	high	no	1	7	8	0.012424242424242424	0.04354922279792746	primary_reaction_component_31	architecture_features_v0.1_2026-06-03	assigned MGAT paralog-family prior from symbol prefix
FUT8	ENSG00000033170	terminal_modification	downstream_diversification	yes	yes	high	7	1.0	no	no	yes	no	distant	no	no	low	branch_extension	yes	high	yes	no	yes	FUT	high	yes	6	0	6	0.0	0.054117647058823534	primary_reaction_component_31	architecture_features_v0.1_2026-06-03	terminal-modification specificity should be tested in sensitivity analyses; assigned FUT paralog-family prior from symbol prefix
FUT3	ENSG00000171124	terminal_modification	downstream_diversification	yes	yes	medium	7	1.0	no	no	yes	no	distant	no	no	low	branch_extension	yes	high	yes	no	yes	FUT	high	yes	6	0	6	0.0	0.05586776859504133	primary_reaction_component_31	architecture_features_v0.1_2026-06-03	medium-confidence pathway label pending cross-check; terminal-modification specificity should be tested in sensitivity analyses; assigned FUT paralog-family prior from symbol prefix
B4GALT1	ENSG00000086062	terminal_modification	downstream_diversification	yes	yes	high	7	1.0	no	no	yes	no	distant	no	no	low	branch_extension	yes	high	yes	no	yes	B4GALT	high	yes	5	9	14	0.0069696969696969695	0.04898148148148149	primary_reaction_component_31	architecture_features_v0.1_2026-06-03	terminal-modification specificity should be tested in sensitivity analyses; assigned B4GALT paralog-family prior from symbol prefix
B4GALT2	ENSG00000117411	terminal_modification	downstream_diversification	yes	yes	medium	7	1.0	no	no	yes	no	distant	no	no	low	branch_extension	yes	high	yes	no	yes	B4GALT	high	yes	5	9	14	0.0069696969696969695	0.04898148148148149	primary_reaction_component_31	architecture_features_v0.1_2026-06-03	medium-confidence pathway label pending cross-check; terminal-modification specificity should be tested in sensitivity analyses; assigned B4GALT paralog-family prior from symbol prefix
B4GALT3	ENSG00000158850	terminal_modification	downstream_diversification	yes	yes	medium	7	1.0	no	no	yes	no	distant	no	no	low	branch_extension	yes	high	yes	no	yes	B4GALT	high	yes	5	9	14	0.0069696969696969695	0.04898148148148149	primary_reaction_component_31	architecture_features_v0.1_2026-06-03	medium-confidence pathway label pending cross-check; terminal-modification specificity should be tested in sensitivity analyses; assigned B4GALT paralog-family prior from symbol prefix
B4GALT4	ENSG00000121578	terminal_modification	downstream_diversification	yes	yes	medium	7	1.0	no	no	yes	no	distant	no	no	low	branch_extension	yes	high	yes	no	yes	B4GALT	high	yes	5	9	14	0.0069696969696969695	0.04898148148148149	primary_reaction_component_31	architecture_features_v0.1_2026-06-03	medium-confidence pathway label pending cross-check; terminal-modification specificity should be tested in sensitivity analyses; assigned B4GALT paralog-family prior from symbol prefix
B4GALT5	ENSG00000158470	terminal_modification	downstream_diversification	yes	yes	medium	7	1.0	no	no	yes	no	distant	no	no	low	branch_extension	yes	high	yes	no	yes	B4GALT	high	yes	5	9	14	0.0069696969696969695	0.04898148148148149	primary_reaction_component_31	architecture_features_v0.1_2026-06-03	medium-confidence pathway label pending cross-check; terminal-modification specificity should be tested in sensitivity analyses; assigned B4GALT paralog-family prior from symbol prefix
B4GALT6	ENSG00000118276	terminal_modification	downstream_diversification	yes	yes	medium	7	1.0	no	no	yes	no	distant	no	no	low	branch_extension	yes	high	yes	no	yes	B4GALT	high	yes	5	9	14	0.0069696969696969695	0.04898148148148149	primary_reaction_component_31	architecture_features_v0.1_2026-06-03	medium-confidence pathway label pending cross-check; terminal-modification specificity should be tested in sensitivity analyses; assigned B4GALT paralog-family prior from symbol prefix
ST3GAL4	ENSG00000110080	terminal_modification	downstream_diversification	yes	yes	high	7	1.0	no	no	yes	no	distant	no	no	low	branch_extension	yes	high	yes	no	yes	ST3GAL	high	yes	6	0	6	0.0	0.05586776859504133	primary_reaction_component_31	architecture_features_v0.1_2026-06-03	terminal-modification specificity should be tested in sensitivity analyses; assigned ST3GAL paralog-family prior from symbol prefix
ST6GAL1	ENSG00000073849	terminal_modification	downstream_diversification	yes	yes	high	7	1.0	no	no	yes	no	distant	no	no	low	branch_extension	yes	high	yes	no	yes	ST6GAL	high	yes	6	0	6	0.0	0.05586776859504133	primary_reaction_component_31	architecture_features_v0.1_2026-06-03	terminal-modification specificity should be tested in sensitivity analyses; assigned ST6GAL paralog-family prior from symbol prefix
ST8SIA2	ENSG00000140557	terminal_modification	downstream_diversification	yes	yes	medium	7	1.0	no	no	yes	no	distant	no	no	low	branch_extension	yes	high	yes	no	no		unknown	no	6	0	6	0.0	0.05586776859504133	primary_reaction_component_31	architecture_features_v0.1_2026-06-03	medium-confidence pathway label pending cross-check; terminal-modification specificity should be tested in sensitivity analyses
ST8SIA3	ENSG00000177511	terminal_modification	downstream_diversification	yes	yes	medium	7	1.0	no	no	yes	no	distant	no	no	low	branch_extension	yes	high	yes	no	no		unknown	no	6	0	6	0.0	0.05586776859504133	primary_reaction_component_31	architecture_features_v0.1_2026-06-03	medium-confidence pathway label pending cross-check; terminal-modification specificity should be tested in sensitivity analyses
ST8SIA6	ENSG00000148488	terminal_modification	downstream_diversification	yes	yes	medium	7	1.0	no	no	yes	no	distant	no	no	low	branch_extension	yes	high	yes	no	no		unknown	no	6	0	6	0.0	0.05586776859504133	primary_reaction_component_31	architecture_features_v0.1_2026-06-03	medium-confidence pathway label pending cross-check; terminal-modification specificity should be tested in sensitivity analyses
CHST8	ENSG00000124302	terminal_modification	downstream_diversification	yes	yes	low	7	1.0	no	no	yes	no	distant	no	no	low	branch_extension	yes	high	yes	no	no		unknown	no	6	0	6	0.0	0.05586776859504133	primary_reaction_component_31	architecture_features_v0.1_2026-06-03	low-confidence pathway label pending cross-check; terminal-modification specificity should be tested in sensitivity analyses
CHST10	ENSG00000115526	terminal_modification	downstream_diversification	yes	yes	low	7	1.0	no	no	yes	no	distant	no	no	low	branch_extension	yes	high	yes	no	no		unknown	no	6	0	6	0.0	0.05586776859504133	primary_reaction_component_31	architecture_features_v0.1_2026-06-03	low-confidence pathway label pending cross-check; terminal-modification specificity should be tested in sensitivity analyses
B4GALNT2	ENSG00000167080	terminal_modification	downstream_diversification	yes	yes	low	7	1.0	no	no	yes	no	distant	no	no	low	branch_extension	yes	high	yes	no	no		unknown	no	6	0	6	0.0	0.05586776859504133	primary_reaction_component_31	architecture_features_v0.1_2026-06-03	low-confidence pathway label pending cross-check; terminal-modification specificity should be tested in sensitivity analyses
